,urgentresponse,immediately,your account will be deactivated,visit the link below,"Please, give us the following information so that we could fully verify your identity",urgent,username ,password,warning,account alert,important notice,dear,please open,take a moment to update your record per link below,validate your account,your password will be expire,transfer to
Email ID 787,0,5,0,0,0,5,0,0,0,0,0,0,0,0,0,0,0
Email ID 704,0,3,0,0,0,3,0,0,0,0,0,1,0,0,0,0,1
Email ID 370,0,4,0,0,0,3,0,0,0,0,0,0,0,0,0,0,1
Email ID 353,0,4,0,0,0,3,0,0,0,0,0,0,0,0,0,0,1
Email ID 315,0,4,0,0,0,3,0,0,0,0,0,0,0,0,0,0,1
Email ID 310,0,4,0,0,0,4,0,0,0,0,0,0,0,0,0,0,0
Email ID 226,0,4,0,0,0,3,0,0,0,0,0,0,0,0,0,0,1
Email ID 67,0,4,0,0,0,3,0,0,0,0,0,0,0,0,0,0,1
Email ID 63,0,4,0,0,0,3,0,0,0,0,0,0,0,0,0,0,1
Email ID 50,0,4,0,0,0,3,0,0,0,0,0,0,0,0,0,0,1
Email ID 49,0,4,0,0,0,3,0,0,0,0,0,0,0,0,0,0,1
Email ID 532,0,4,0,0,0,3,0,0,0,0,0,0,0,0,0,0,0
Email ID 414,0,3,0,0,0,3,0,0,0,0,0,0,0,0,0,0,1
Email ID 221,0,4,0,0,0,2,0,0,0,0,0,0,0,0,0,0,1
Email ID 38,0,3,0,0,0,3,0,0,0,0,0,0,0,0,0,0,1
Email ID 876,0,2,0,0,0,4,0,0,0,0,0,0,0,0,0,0,0
Email ID 595,0,4,0,0,0,2,0,0,0,0,0,0,0,0,0,0,0
Email ID 1075,0,2,0,0,0,3,0,0,0,0,0,0,0,0,0,0,0
Email ID 924,0,1,0,0,0,3,0,0,0,0,0,1,0,0,0,0,0
Email ID 923,0,1,0,0,0,3,0,0,0,0,0,1,0,0,0,0,0
Email ID 765,0,1,0,0,0,3,0,0,0,0,0,0,0,0,0,0,1
Email ID 634,0,1,0,0,0,3,0,0,0,0,0,1,0,0,0,0,0
Email ID 633,0,1,0,0,0,4,0,0,0,0,0,0,0,0,0,0,0
Email ID 570,0,2,0,0,0,2,0,0,0,0,0,0,0,0,0,0,1
Email ID 427,0,1,0,0,0,4,0,0,0,0,0,0,0,0,0,0,0
Email ID 421,0,3,0,0,0,2,0,0,0,0,0,0,0,0,0,0,0
Email ID 294,0,1,0,0,0,4,0,0,0,0,0,0,0,0,0,0,0
Email ID 211,0,3,0,0,0,1,0,0,0,0,0,0,0,0,0,0,1
Email ID 196,0,2,0,0,0,2,0,0,0,0,0,0,0,0,0,0,1
Email ID 35,0,2,0,0,0,2,0,0,0,0,0,0,0,0,0,0,1
Email ID 1129,0,2,0,0,0,0,0,0,0,0,0,2,0,0,0,0,0
Email ID 877,0,2,0,0,0,0,0,0,0,0,0,0,0,0,0,0,2
Email ID 857,0,2,0,0,0,2,0,0,0,0,0,0,0,0,0,0,0
Email ID 853,0,3,0,0,0,1,0,0,0,0,0,0,0,0,0,0,0
Email ID 694,0,2,0,0,0,2,0,0,0,0,0,0,0,0,0,0,0
Email ID 662,0,2,0,0,0,2,0,0,0,0,0,0,0,0,0,0,0
Email ID 646,0,2,0,0,0,2,0,0,0,0,0,0,0,0,0,0,0
Email ID 643,0,2,0,0,0,2,0,0,0,0,0,0,0,0,0,0,0
Email ID 631,0,2,0,0,0,2,0,0,0,0,0,0,0,0,0,0,0
Email ID 613,0,2,0,0,0,2,0,0,0,0,0,0,0,0,0,0,0
Email ID 577,0,2,0,0,0,2,0,0,0,0,0,0,0,0,0,0,0
Email ID 457,0,2,0,0,0,2,0,0,0,0,0,0,0,0,0,0,0
Email ID 456,0,2,0,0,0,2,0,0,0,0,0,0,0,0,0,0,0
Email ID 436,0,2,0,0,0,2,0,0,0,0,0,0,0,0,0,0,0
Email ID 398,0,2,0,0,0,2,0,0,0,0,0,0,0,0,0,0,0
Email ID 397,0,2,0,0,0,2,0,0,0,0,0,0,0,0,0,0,0
Email ID 387,0,2,0,0,0,2,0,0,0,0,0,0,0,0,0,0,0
Email ID 301,0,2,0,0,0,2,0,0,0,0,0,0,0,0,0,0,0
Email ID 295,0,1,0,0,0,3,0,0,0,0,0,0,0,0,0,0,0
Email ID 293,0,1,0,0,0,3,0,0,0,0,0,0,0,0,0,0,0
Email ID 282,0,2,0,0,0,2,0,0,0,0,0,0,0,0,0,0,0
Email ID 264,0,2,0,0,0,2,0,0,0,0,0,0,0,0,0,0,0
Email ID 263,0,0,0,0,0,4,0,0,0,0,0,0,0,0,0,0,0
Email ID 258,0,0,0,0,0,3,0,0,1,0,0,0,0,0,0,0,0
Email ID 200,0,1,0,0,0,2,0,0,0,0,0,1,0,0,0,0,0
Email ID 192,0,1,0,0,0,2,0,0,0,0,0,0,0,0,0,0,1
Email ID 180,0,2,0,0,0,2,0,0,0,0,0,0,0,0,0,0,0
Email ID 167,0,2,0,0,0,2,0,0,0,0,0,0,0,0,0,0,0
Email ID 166,0,2,0,0,0,2,0,0,0,0,0,0,0,0,0,0,0
Email ID 136,0,2,0,0,0,2,0,0,0,0,0,0,0,0,0,0,0
Email ID 114,0,2,0,0,0,0,0,0,0,0,0,0,0,0,0,0,2
Email ID 107,0,2,0,0,0,2,0,0,0,0,0,0,0,0,0,0,0
Email ID 84,0,1,0,0,0,1,0,0,0,0,0,0,0,0,0,0,2
Email ID 1085,0,2,0,0,0,1,0,0,0,0,0,0,0,0,0,0,0
Email ID 1069,0,1,0,0,0,2,0,0,0,0,0,0,0,0,0,0,0
Email ID 932,0,1,0,0,0,2,0,0,0,0,0,0,0,0,0,0,0
Email ID 931,0,1,0,0,0,2,0,0,0,0,0,0,0,0,0,0,0
Email ID 925,0,1,0,0,0,2,0,0,0,0,0,0,0,0,0,0,0
Email ID 891,0,1,0,0,0,2,0,0,0,0,0,0,0,0,0,0,0
Email ID 858,0,2,0,0,0,1,0,0,0,0,0,0,0,0,0,0,0
Email ID 842,0,2,0,0,0,1,0,0,0,0,0,0,0,0,0,0,0
Email ID 841,0,1,0,0,0,2,0,0,0,0,0,0,0,0,0,0,0
Email ID 836,0,3,0,0,0,0,0,0,0,0,0,0,0,0,0,0,0
Email ID 834,0,1,0,0,0,2,0,0,0,0,0,0,0,0,0,0,0
Email ID 829,0,1,0,0,0,2,0,0,0,0,0,0,0,0,0,0,0
Email ID 827,0,2,0,0,0,1,0,0,0,0,0,0,0,0,0,0,0
Email ID 826,0,2,0,0,0,1,0,0,0,0,0,0,0,0,0,0,0
Email ID 791,0,1,0,0,0,2,0,0,0,0,0,0,0,0,0,0,0
Email ID 751,0,2,0,0,0,1,0,0,0,0,0,0,0,0,0,0,0
Email ID 739,0,1,0,0,0,2,0,0,0,0,0,0,0,0,0,0,0
Email ID 735,0,1,0,0,0,2,0,0,0,0,0,0,0,0,0,0,0
Email ID 702,0,3,0,0,0,0,0,0,0,0,0,0,0,0,0,0,0
Email ID 690,0,2,0,0,0,1,0,0,0,0,0,0,0,0,0,0,0
Email ID 681,0,0,0,0,0,3,0,0,0,0,0,0,0,0,0,0,0
Email ID 680,0,0,0,0,0,3,0,0,0,0,0,0,0,0,0,0,0
Email ID 655,0,1,0,0,0,1,0,0,0,0,0,1,0,0,0,0,0
Email ID 635,0,2,0,0,0,1,0,0,0,0,0,0,0,0,0,0,0
Email ID 609,0,2,0,0,0,1,0,0,0,0,0,0,0,0,0,0,0
Email ID 568,0,1,0,0,0,1,0,0,0,0,0,0,0,0,0,0,1
Email ID 567,0,1,0,0,0,1,0,0,0,0,0,0,0,0,0,0,1
Email ID 556,0,2,0,0,0,0,0,0,0,0,0,0,0,0,0,0,1
Email ID 508,0,1,0,0,0,1,0,0,0,0,0,0,0,0,0,0,1
Email ID 507,0,1,0,0,0,1,0,0,0,0,0,0,0,0,0,0,1
Email ID 488,0,0,0,0,0,2,0,0,0,0,0,1,0,0,0,0,0
Email ID 487,0,0,0,0,0,2,0,0,0,0,0,1,0,0,0,0,0
Email ID 485,0,0,0,0,0,2,0,0,0,0,0,1,0,0,0,0,0
Email ID 452,0,0,0,0,0,2,0,0,0,0,0,1,0,0,0,0,0
Email ID 451,0,0,0,0,0,2,0,0,0,0,0,1,0,0,0,0,0
Email ID 446,0,0,0,0,0,3,0,0,0,0,0,0,0,0,0,0,0
Email ID 422,0,2,0,0,0,1,0,0,0,0,0,0,0,0,0,0,0
Email ID 407,0,1,0,0,0,1,0,0,0,0,0,1,0,0,0,0,0
Email ID 395,0,2,0,0,0,1,0,0,0,0,0,0,0,0,0,0,0
Email ID 378,0,0,0,0,0,3,0,0,0,0,0,0,0,0,0,0,0
Email ID 368,0,2,0,0,0,1,0,0,0,0,0,0,0,0,0,0,0
Email ID 367,0,2,0,0,0,1,0,0,0,0,0,0,0,0,0,0,0
Email ID 355,0,1,0,0,0,2,0,0,0,0,0,0,0,0,0,0,0
Email ID 347,0,2,0,0,0,1,0,0,0,0,0,0,0,0,0,0,0
Email ID 322,0,2,0,0,0,1,0,0,0,0,0,0,0,0,0,0,0
Email ID 321,0,2,0,0,0,1,0,0,0,0,0,0,0,0,0,0,0
Email ID 287,0,0,0,0,0,3,0,0,0,0,0,0,0,0,0,0,0
Email ID 275,0,1,0,0,0,2,0,0,0,0,0,0,0,0,0,0,0
Email ID 266,0,2,0,0,0,0,0,0,0,0,0,0,0,0,0,0,1
Email ID 240,0,1,0,0,0,0,0,0,0,0,0,0,0,0,0,0,2
Email ID 237,0,2,0,0,0,1,0,0,0,0,0,0,0,0,0,0,0
Email ID 236,0,2,0,0,0,1,0,0,0,0,0,0,0,0,0,0,0
Email ID 222,0,1,0,0,0,1,0,0,0,0,0,1,0,0,0,0,0
Email ID 220,0,0,0,0,0,3,0,0,0,0,0,0,0,0,0,0,0
Email ID 183,0,0,0,0,0,2,0,1,0,0,0,0,0,0,0,0,0
Email ID 149,0,0,0,0,0,3,0,0,0,0,0,0,0,0,0,0,0
Email ID 146,0,1,0,0,0,2,0,0,0,0,0,0,0,0,0,0,0
Email ID 142,0,2,0,0,0,1,0,0,0,0,0,0,0,0,0,0,0
Email ID 135,0,3,0,0,0,0,0,0,0,0,0,0,0,0,0,0,0
Email ID 134,0,3,0,0,0,0,0,0,0,0,0,0,0,0,0,0,0
Email ID 127,0,1,0,0,0,2,0,0,0,0,0,0,0,0,0,0,0
Email ID 126,0,1,0,0,0,1,0,0,0,0,0,0,0,0,0,0,1
Email ID 124,0,1,0,0,0,1,0,0,0,0,0,0,0,0,0,0,1
Email ID 90,0,2,0,0,0,1,0,0,0,0,0,0,0,0,0,0,0
Email ID 89,0,2,0,0,0,1,0,0,0,0,0,0,0,0,0,0,0
Email ID 72,0,1,0,0,0,1,0,0,0,0,0,0,0,0,0,0,1
Email ID 61,0,1,0,0,0,2,0,0,0,0,0,0,0,0,0,0,0
Email ID 18,0,2,0,0,0,1,0,0,0,0,0,0,0,0,0,0,0
Email ID 8,0,2,0,0,0,1,0,0,0,0,0,0,0,0,0,0,0
Email ID 5,0,2,0,0,0,1,0,0,0,0,0,0,0,0,0,0,0
Email ID 1107,0,0,0,0,0,1,0,0,0,0,0,1,0,0,0,0,0
Email ID 1098,0,1,0,0,0,1,0,0,0,0,0,0,0,0,0,0,0
Email ID 1050,0,1,0,0,0,1,0,0,0,0,0,0,0,0,0,0,0
Email ID 1042,0,0,0,0,0,2,0,0,0,0,0,0,0,0,0,0,0
Email ID 1030,0,0,0,0,0,2,0,0,0,0,0,0,0,0,0,0,0
Email ID 1010,0,2,0,0,0,0,0,0,0,0,0,0,0,0,0,0,0
Email ID 1003,0,2,0,0,0,0,0,0,0,0,0,0,0,0,0,0,0
Email ID 966,0,2,0,0,0,0,0,0,0,0,0,0,0,0,0,0,0
Email ID 961,0,0,0,0,0,2,0,0,0,0,0,0,0,0,0,0,0
Email ID 956,0,1,0,0,0,0,0,0,0,0,0,0,0,0,0,0,1
Email ID 953,0,0,0,0,0,2,0,0,0,0,0,0,0,0,0,0,0
Email ID 939,0,2,0,0,0,0,0,0,0,0,0,0,0,0,0,0,0
Email ID 935,0,2,0,0,0,0,0,0,0,0,0,0,0,0,0,0,0
Email ID 929,0,1,0,0,0,1,0,0,0,0,0,0,0,0,0,0,0
Email ID 904,0,1,0,0,0,1,0,0,0,0,0,0,0,0,0,0,0
Email ID 861,0,0,0,0,0,2,0,0,0,0,0,0,0,0,0,0,0
Email ID 855,0,0,0,0,0,1,0,0,0,0,0,0,0,0,0,0,1
Email ID 850,0,0,0,0,0,1,0,0,0,0,0,1,0,0,0,0,0
Email ID 828,0,0,0,0,0,2,0,0,0,0,0,0,0,0,0,0,0
Email ID 821,0,0,0,0,0,1,0,0,0,0,0,0,0,0,0,0,1
Email ID 820,0,0,0,0,0,1,0,0,0,0,0,0,0,0,0,0,1
Email ID 819,0,0,0,0,0,1,0,0,0,0,0,0,0,0,0,0,1
Email ID 818,0,0,0,0,0,1,0,0,0,0,0,0,0,0,0,0,1
Email ID 781,0,0,0,0,0,2,0,0,0,0,0,0,0,0,0,0,0
Email ID 762,0,0,0,0,0,2,0,0,0,0,0,0,0,0,0,0,0
Email ID 760,0,1,0,0,0,1,0,0,0,0,0,0,0,0,0,0,0
Email ID 759,0,1,0,0,0,1,0,0,0,0,0,0,0,0,0,0,0
Email ID 745,0,0,0,0,0,2,0,0,0,0,0,0,0,0,0,0,0
Email ID 734,0,0,0,0,0,0,0,2,0,0,0,0,0,0,0,0,0
Email ID 687,0,1,0,0,0,1,0,0,0,0,0,0,0,0,0,0,0
Email ID 672,0,0,0,0,0,1,0,0,0,0,0,0,0,0,0,0,1
Email ID 668,0,0,0,0,0,2,0,0,0,0,0,0,0,0,0,0,0
Email ID 665,0,0,0,0,0,2,0,0,0,0,0,0,0,0,0,0,0
Email ID 661,0,1,0,0,0,0,0,0,0,0,0,0,0,0,0,0,1
Email ID 654,0,0,0,0,0,2,0,0,0,0,0,0,0,0,0,0,0
Email ID 642,0,1,0,0,0,0,0,0,0,0,0,0,0,0,0,0,1
Email ID 641,0,1,0,0,0,0,0,0,0,0,0,0,0,0,0,0,1
Email ID 628,0,1,0,0,0,0,0,0,0,0,0,0,0,0,0,0,1
Email ID 624,0,1,0,0,0,0,0,0,0,0,0,0,0,0,0,0,1
Email ID 623,0,1,0,0,0,0,0,0,0,0,0,0,0,0,0,0,1
Email ID 620,0,1,0,0,0,1,0,0,0,0,0,0,0,0,0,0,0
Email ID 614,0,0,0,0,0,2,0,0,0,0,0,0,0,0,0,0,0
Email ID 584,0,2,0,0,0,0,0,0,0,0,0,0,0,0,0,0,0
Email ID 574,0,2,0,0,0,0,0,0,0,0,0,0,0,0,0,0,0
Email ID 566,0,0,0,0,0,2,0,0,0,0,0,0,0,0,0,0,0
Email ID 565,0,1,0,0,0,0,0,0,0,0,0,0,0,0,0,0,1
Email ID 555,0,2,0,0,0,0,0,0,0,0,0,0,0,0,0,0,0
Email ID 552,0,1,0,0,0,1,0,0,0,0,0,0,0,0,0,0,0
Email ID 545,0,2,0,0,0,0,0,0,0,0,0,0,0,0,0,0,0
Email ID 538,0,1,0,0,0,1,0,0,0,0,0,0,0,0,0,0,0
Email ID 537,0,1,0,0,0,1,0,0,0,0,0,0,0,0,0,0,0
Email ID 536,0,1,0,0,0,1,0,0,0,0,0,0,0,0,0,0,0
Email ID 522,0,1,0,0,0,1,0,0,0,0,0,0,0,0,0,0,0
Email ID 473,0,2,0,0,0,0,0,0,0,0,0,0,0,0,0,0,0
Email ID 472,0,2,0,0,0,0,0,0,0,0,0,0,0,0,0,0,0
Email ID 459,0,1,0,0,0,1,0,0,0,0,0,0,0,0,0,0,0
Email ID 454,0,0,0,0,0,1,0,0,1,0,0,0,0,0,0,0,0
Email ID 439,0,2,0,0,0,0,0,0,0,0,0,0,0,0,0,0,0
Email ID 409,0,2,0,0,0,0,0,0,0,0,0,0,0,0,0,0,0
Email ID 403,0,1,0,0,0,1,0,0,0,0,0,0,0,0,0,0,0
Email ID 402,0,0,0,0,0,2,0,0,0,0,0,0,0,0,0,0,0
Email ID 389,0,0,0,0,0,1,0,0,0,0,0,0,0,0,0,0,1
Email ID 388,0,1,0,0,0,1,0,0,0,0,0,0,0,0,0,0,0
Email ID 386,0,2,0,0,0,0,0,0,0,0,0,0,0,0,0,0,0
Email ID 372,0,1,0,0,0,1,0,0,0,0,0,0,0,0,0,0,0
Email ID 362,0,0,0,0,0,0,0,0,0,0,0,2,0,0,0,0,0
Email ID 360,0,0,0,0,0,2,0,0,0,0,0,0,0,0,0,0,0
Email ID 357,0,2,0,0,0,0,0,0,0,0,0,0,0,0,0,0,0
Email ID 342,0,0,0,0,0,2,0,0,0,0,0,0,0,0,0,0,0
Email ID 341,0,0,0,0,0,1,0,0,0,0,0,1,0,0,0,0,0
Email ID 340,0,0,0,0,0,1,0,0,0,0,0,1,0,0,0,0,0
Email ID 337,0,1,0,0,0,1,0,0,0,0,0,0,0,0,0,0,0
Email ID 336,0,1,0,0,0,1,0,0,0,0,0,0,0,0,0,0,0
Email ID 335,0,1,0,0,0,1,0,0,0,0,0,0,0,0,0,0,0
Email ID 327,0,2,0,0,0,0,0,0,0,0,0,0,0,0,0,0,0
Email ID 312,0,1,0,0,0,1,0,0,0,0,0,0,0,0,0,0,0
Email ID 255,0,0,0,0,0,1,0,0,0,0,0,1,0,0,0,0,0
Email ID 254,0,0,0,0,0,1,0,0,0,0,0,1,0,0,0,0,0
Email ID 253,0,0,0,0,0,1,0,0,0,0,0,1,0,0,0,0,0
Email ID 252,0,0,0,0,0,1,0,0,0,0,0,1,0,0,0,0,0
Email ID 251,0,0,0,0,0,1,0,0,0,0,0,1,0,0,0,0,0
Email ID 248,0,0,0,0,0,1,0,0,0,0,0,1,0,0,0,0,0
Email ID 247,0,0,0,0,0,1,0,0,0,0,0,1,0,0,0,0,0
Email ID 241,0,1,0,0,0,1,0,0,0,0,0,0,0,0,0,0,0
Email ID 238,0,0,0,0,0,2,0,0,0,0,0,0,0,0,0,0,0
Email ID 208,0,1,0,0,0,1,0,0,0,0,0,0,0,0,0,0,0
Email ID 205,0,1,0,0,0,1,0,0,0,0,0,0,0,0,0,0,0
Email ID 177,0,0,0,0,0,2,0,0,0,0,0,0,0,0,0,0,0
Email ID 176,0,0,0,0,0,2,0,0,0,0,0,0,0,0,0,0,0
Email ID 174,0,1,0,0,0,1,0,0,0,0,0,0,0,0,0,0,0
Email ID 173,0,0,0,0,0,0,0,2,0,0,0,0,0,0,0,0,0
Email ID 172,0,0,0,0,0,0,0,2,0,0,0,0,0,0,0,0,0
Email ID 170,0,0,0,0,0,2,0,0,0,0,0,0,0,0,0,0,0
Email ID 162,0,1,0,0,0,1,0,0,0,0,0,0,0,0,0,0,0
Email ID 161,0,1,0,0,0,1,0,0,0,0,0,0,0,0,0,0,0
Email ID 148,0,0,0,0,0,1,0,0,0,0,0,0,0,0,0,0,1
Email ID 122,0,2,0,0,0,0,0,0,0,0,0,0,0,0,0,0,0
Email ID 113,0,2,0,0,0,0,0,0,0,0,0,0,0,0,0,0,0
Email ID 93,0,0,0,0,0,2,0,0,0,0,0,0,0,0,0,0,0
Email ID 91,0,1,0,0,0,0,0,0,0,0,0,0,0,0,0,0,1
Email ID 88,0,0,0,0,0,2,0,0,0,0,0,0,0,0,0,0,0
Email ID 82,0,0,0,0,0,1,0,0,0,0,0,0,0,0,0,0,1
Email ID 80,0,1,0,0,0,0,0,0,0,0,0,0,0,0,0,0,1
Email ID 66,0,1,0,0,0,1,0,0,0,0,0,0,0,0,0,0,0
Email ID 65,0,1,0,0,0,1,0,0,0,0,0,0,0,0,0,0,0
Email ID 48,0,0,0,0,0,2,0,0,0,0,0,0,0,0,0,0,0
Email ID 44,0,1,0,0,0,1,0,0,0,0,0,0,0,0,0,0,0
Email ID 37,0,0,0,0,0,2,0,0,0,0,0,0,0,0,0,0,0
Email ID 36,0,0,0,0,0,2,0,0,0,0,0,0,0,0,0,0,0
Email ID 17,0,1,0,0,0,1,0,0,0,0,0,0,0,0,0,0,0
Email ID 13,0,0,0,0,0,2,0,0,0,0,0,0,0,0,0,0,0
Email ID 12,0,0,0,0,0,2,0,0,0,0,0,0,0,0,0,0,0
Email ID 11,0,0,0,0,0,2,0,0,0,0,0,0,0,0,0,0,0
Email ID 6,0,1,0,0,0,1,0,0,0,0,0,0,0,0,0,0,0
Email ID 1139,0,0,0,0,0,1,0,0,0,0,0,0,0,0,0,0,0
Email ID 1127,0,1,0,0,0,0,0,0,0,0,0,0,0,0,0,0,0
Email ID 1123,0,0,0,0,0,0,0,0,0,0,0,1,0,0,0,0,0
Email ID 1114,0,0,0,0,0,0,0,0,0,0,0,0,0,0,0,0,1
Email ID 1106,0,0,0,0,0,1,0,0,0,0,0,0,0,0,0,0,0
Email ID 1095,0,0,0,0,0,1,0,0,0,0,0,0,0,0,0,0,0
Email ID 1088,0,1,0,0,0,0,0,0,0,0,0,0,0,0,0,0,0
Email ID 1078,0,0,0,0,0,1,0,0,0,0,0,0,0,0,0,0,0
Email ID 1074,0,0,0,0,0,0,0,0,0,0,0,0,0,0,0,0,1
Email ID 1072,0,0,0,0,0,1,0,0,0,0,0,0,0,0,0,0,0
Email ID 1059,0,0,0,0,0,1,0,0,0,0,0,0,0,0,0,0,0
Email ID 1051,0,0,0,0,0,1,0,0,0,0,0,0,0,0,0,0,0
Email ID 1047,0,1,0,0,0,0,0,0,0,0,0,0,0,0,0,0,0
Email ID 1005,0,0,0,0,0,1,0,0,0,0,0,0,0,0,0,0,0
Email ID 986,0,0,0,0,0,1,0,0,0,0,0,0,0,0,0,0,0
Email ID 985,0,0,0,0,0,0,0,0,0,0,0,0,0,0,0,0,1
Email ID 984,0,0,0,0,0,0,0,0,0,0,0,0,0,0,0,0,1
Email ID 981,0,0,0,0,0,1,0,0,0,0,0,0,0,0,0,0,0
Email ID 980,0,0,0,0,0,1,0,0,0,0,0,0,0,0,0,0,0
Email ID 963,0,0,0,0,0,1,0,0,0,0,0,0,0,0,0,0,0
Email ID 962,0,1,0,0,0,0,0,0,0,0,0,0,0,0,0,0,0
Email ID 949,0,0,0,0,0,1,0,0,0,0,0,0,0,0,0,0,0
Email ID 946,0,1,0,0,0,0,0,0,0,0,0,0,0,0,0,0,0
Email ID 944,0,1,0,0,0,0,0,0,0,0,0,0,0,0,0,0,0
Email ID 943,0,1,0,0,0,0,0,0,0,0,0,0,0,0,0,0,0
Email ID 942,0,1,0,0,0,0,0,0,0,0,0,0,0,0,0,0,0
Email ID 940,0,1,0,0,0,0,0,0,0,0,0,0,0,0,0,0,0
Email ID 937,0,0,0,0,0,1,0,0,0,0,0,0,0,0,0,0,0
Email ID 934,0,0,0,0,0,1,0,0,0,0,0,0,0,0,0,0,0
Email ID 933,0,0,0,0,0,1,0,0,0,0,0,0,0,0,0,0,0
Email ID 930,0,1,0,0,0,0,0,0,0,0,0,0,0,0,0,0,0
Email ID 919,0,0,0,0,0,1,0,0,0,0,0,0,0,0,0,0,0
Email ID 907,0,1,0,0,0,0,0,0,0,0,0,0,0,0,0,0,0
Email ID 890,0,0,0,0,0,1,0,0,0,0,0,0,0,0,0,0,0
Email ID 889,0,0,0,0,0,1,0,0,0,0,0,0,0,0,0,0,0
Email ID 879,0,1,0,0,0,0,0,0,0,0,0,0,0,0,0,0,0
Email ID 872,0,0,0,0,0,1,0,0,0,0,0,0,0,0,0,0,0
Email ID 868,0,1,0,0,0,0,0,0,0,0,0,0,0,0,0,0,0
Email ID 866,0,0,0,0,0,1,0,0,0,0,0,0,0,0,0,0,0
Email ID 865,0,1,0,0,0,0,0,0,0,0,0,0,0,0,0,0,0
Email ID 864,0,1,0,0,0,0,0,0,0,0,0,0,0,0,0,0,0
Email ID 862,0,0,0,0,0,1,0,0,0,0,0,0,0,0,0,0,0
Email ID 860,0,1,0,0,0,0,0,0,0,0,0,0,0,0,0,0,0
Email ID 859,0,1,0,0,0,0,0,0,0,0,0,0,0,0,0,0,0
Email ID 845,0,0,0,0,0,0,0,0,0,0,0,1,0,0,0,0,0
Email ID 813,0,0,0,0,0,0,0,0,0,0,0,0,0,0,0,0,1
Email ID 812,0,1,0,0,0,0,0,0,0,0,0,0,0,0,0,0,0
Email ID 795,0,1,0,0,0,0,0,0,0,0,0,0,0,0,0,0,0
Email ID 786,0,0,0,0,0,0,0,0,0,0,0,0,0,0,0,0,1
Email ID 784,0,1,0,0,0,0,0,0,0,0,0,0,0,0,0,0,0
Email ID 774,0,0,0,0,0,1,0,0,0,0,0,0,0,0,0,0,0
Email ID 771,0,1,0,0,0,0,0,0,0,0,0,0,0,0,0,0,0
Email ID 769,0,0,0,0,0,0,0,0,0,0,0,0,0,0,0,0,1
Email ID 767,0,1,0,0,0,0,0,0,0,0,0,0,0,0,0,0,0
Email ID 758,0,0,0,0,0,1,0,0,0,0,0,0,0,0,0,0,0
Email ID 757,0,1,0,0,0,0,0,0,0,0,0,0,0,0,0,0,0
Email ID 755,0,1,0,0,0,0,0,0,0,0,0,0,0,0,0,0,0
Email ID 754,0,1,0,0,0,0,0,0,0,0,0,0,0,0,0,0,0
Email ID 748,0,1,0,0,0,0,0,0,0,0,0,0,0,0,0,0,0
Email ID 747,0,1,0,0,0,0,0,0,0,0,0,0,0,0,0,0,0
Email ID 744,0,1,0,0,0,0,0,0,0,0,0,0,0,0,0,0,0
Email ID 743,0,0,0,0,0,1,0,0,0,0,0,0,0,0,0,0,0
Email ID 733,0,1,0,0,0,0,0,0,0,0,0,0,0,0,0,0,0
Email ID 730,0,0,0,0,0,0,0,0,0,0,0,1,0,0,0,0,0
Email ID 729,0,0,0,0,0,0,0,0,0,0,0,1,0,0,0,0,0
Email ID 724,0,0,0,0,0,0,0,0,1,0,0,0,0,0,0,0,0
Email ID 719,0,1,0,0,0,0,0,0,0,0,0,0,0,0,0,0,0
Email ID 713,0,1,0,0,0,0,0,0,0,0,0,0,0,0,0,0,0
Email ID 708,0,0,0,0,0,1,0,0,0,0,0,0,0,0,0,0,0
Email ID 705,0,1,0,0,0,0,0,0,0,0,0,0,0,0,0,0,0
Email ID 689,0,1,0,0,0,0,0,0,0,0,0,0,0,0,0,0,0
Email ID 678,0,0,0,0,0,1,0,0,0,0,0,0,0,0,0,0,0
Email ID 675,0,0,0,0,0,1,0,0,0,0,0,0,0,0,0,0,0
Email ID 670,0,0,0,0,0,1,0,0,0,0,0,0,0,0,0,0,0
Email ID 669,0,1,0,0,0,0,0,0,0,0,0,0,0,0,0,0,0
Email ID 657,0,1,0,0,0,0,0,0,0,0,0,0,0,0,0,0,0
Email ID 649,0,1,0,0,0,0,0,0,0,0,0,0,0,0,0,0,0
Email ID 645,0,0,0,0,0,1,0,0,0,0,0,0,0,0,0,0,0
Email ID 636,0,0,0,0,0,1,0,0,0,0,0,0,0,0,0,0,0
Email ID 630,0,0,0,0,0,0,0,0,0,0,0,1,0,0,0,0,0
Email ID 627,0,0,0,0,0,0,0,0,0,0,0,1,0,0,0,0,0
Email ID 626,0,0,0,0,0,0,0,0,0,0,0,1,0,0,0,0,0
Email ID 622,0,0,0,0,0,1,0,0,0,0,0,0,0,0,0,0,0
Email ID 612,0,0,0,0,0,1,0,0,0,0,0,0,0,0,0,0,0
Email ID 608,0,1,0,0,0,0,0,0,0,0,0,0,0,0,0,0,0
Email ID 607,0,1,0,0,0,0,0,0,0,0,0,0,0,0,0,0,0
Email ID 606,0,1,0,0,0,0,0,0,0,0,0,0,0,0,0,0,0
Email ID 605,0,0,0,0,0,1,0,0,0,0,0,0,0,0,0,0,0
Email ID 602,0,0,0,0,0,1,0,0,0,0,0,0,0,0,0,0,0
Email ID 601,0,0,0,0,0,1,0,0,0,0,0,0,0,0,0,0,0
Email ID 600,0,1,0,0,0,0,0,0,0,0,0,0,0,0,0,0,0
Email ID 586,0,0,0,0,0,1,0,0,0,0,0,0,0,0,0,0,0
Email ID 583,0,0,0,0,0,0,0,0,0,0,0,1,0,0,0,0,0
Email ID 582,0,0,0,0,0,1,0,0,0,0,0,0,0,0,0,0,0
Email ID 581,0,0,0,0,0,1,0,0,0,0,0,0,0,0,0,0,0
Email ID 557,0,0,0,0,0,1,0,0,0,0,0,0,0,0,0,0,0
Email ID 554,0,1,0,0,0,0,0,0,0,0,0,0,0,0,0,0,0
Email ID 553,0,1,0,0,0,0,0,0,0,0,0,0,0,0,0,0,0
Email ID 549,0,0,0,0,0,1,0,0,0,0,0,0,0,0,0,0,0
Email ID 535,0,1,0,0,0,0,0,0,0,0,0,0,0,0,0,0,0
Email ID 527,0,1,0,0,0,0,0,0,0,0,0,0,0,0,0,0,0
Email ID 526,0,1,0,0,0,0,0,0,0,0,0,0,0,0,0,0,0
Email ID 521,0,0,0,0,0,1,0,0,0,0,0,0,0,0,0,0,0
Email ID 520,0,0,0,0,0,1,0,0,0,0,0,0,0,0,0,0,0
Email ID 514,0,1,0,0,0,0,0,0,0,0,0,0,0,0,0,0,0
Email ID 513,0,1,0,0,0,0,0,0,0,0,0,0,0,0,0,0,0
Email ID 506,0,1,0,0,0,0,0,0,0,0,0,0,0,0,0,0,0
Email ID 505,0,1,0,0,0,0,0,0,0,0,0,0,0,0,0,0,0
Email ID 504,0,1,0,0,0,0,0,0,0,0,0,0,0,0,0,0,0
Email ID 499,0,1,0,0,0,0,0,0,0,0,0,0,0,0,0,0,0
Email ID 498,0,1,0,0,0,0,0,0,0,0,0,0,0,0,0,0,0
Email ID 479,0,0,0,0,0,1,0,0,0,0,0,0,0,0,0,0,0
Email ID 474,0,1,0,0,0,0,0,0,0,0,0,0,0,0,0,0,0
Email ID 467,0,0,0,0,0,1,0,0,0,0,0,0,0,0,0,0,0
Email ID 466,0,0,0,0,0,1,0,0,0,0,0,0,0,0,0,0,0
Email ID 465,0,0,0,0,0,1,0,0,0,0,0,0,0,0,0,0,0
Email ID 464,0,0,0,0,0,1,0,0,0,0,0,0,0,0,0,0,0
Email ID 461,0,1,0,0,0,0,0,0,0,0,0,0,0,0,0,0,0
Email ID 445,0,0,0,0,0,1,0,0,0,0,0,0,0,0,0,0,0
Email ID 442,0,0,0,0,0,1,0,0,0,0,0,0,0,0,0,0,0
Email ID 438,0,0,0,0,0,0,0,0,0,0,0,1,0,0,0,0,0
Email ID 435,0,0,0,0,0,1,0,0,0,0,0,0,0,0,0,0,0
Email ID 434,0,0,0,0,0,1,0,0,0,0,0,0,0,0,0,0,0
Email ID 433,0,0,0,0,0,1,0,0,0,0,0,0,0,0,0,0,0
Email ID 426,0,1,0,0,0,0,0,0,0,0,0,0,0,0,0,0,0
Email ID 417,0,0,0,0,0,1,0,0,0,0,0,0,0,0,0,0,0
Email ID 416,0,1,0,0,0,0,0,0,0,0,0,0,0,0,0,0,0
Email ID 408,0,0,0,0,0,1,0,0,0,0,0,0,0,0,0,0,0
Email ID 405,0,1,0,0,0,0,0,0,0,0,0,0,0,0,0,0,0
Email ID 404,0,1,0,0,0,0,0,0,0,0,0,0,0,0,0,0,0
Email ID 401,0,1,0,0,0,0,0,0,0,0,0,0,0,0,0,0,0
Email ID 396,0,0,0,0,0,1,0,0,0,0,0,0,0,0,0,0,0
Email ID 393,0,0,0,0,0,1,0,0,0,0,0,0,0,0,0,0,0
Email ID 392,0,0,0,0,0,1,0,0,0,0,0,0,0,0,0,0,0
Email ID 391,0,0,0,0,0,1,0,0,0,0,0,0,0,0,0,0,0
Email ID 390,0,0,0,0,0,1,0,0,0,0,0,0,0,0,0,0,0
Email ID 384,0,1,0,0,0,0,0,0,0,0,0,0,0,0,0,0,0
Email ID 383,0,1,0,0,0,0,0,0,0,0,0,0,0,0,0,0,0
Email ID 382,0,1,0,0,0,0,0,0,0,0,0,0,0,0,0,0,0
Email ID 381,0,1,0,0,0,0,0,0,0,0,0,0,0,0,0,0,0
Email ID 380,0,1,0,0,0,0,0,0,0,0,0,0,0,0,0,0,0
Email ID 354,0,0,0,0,0,1,0,0,0,0,0,0,0,0,0,0,0
Email ID 351,0,1,0,0,0,0,0,0,0,0,0,0,0,0,0,0,0
Email ID 339,0,0,0,0,0,1,0,0,0,0,0,0,0,0,0,0,0
Email ID 338,0,0,0,0,0,1,0,0,0,0,0,0,0,0,0,0,0
Email ID 329,0,0,0,0,0,1,0,0,0,0,0,0,0,0,0,0,0
Email ID 328,0,1,0,0,0,0,0,0,0,0,0,0,0,0,0,0,0
Email ID 323,0,0,0,0,0,1,0,0,0,0,0,0,0,0,0,0,0
Email ID 308,0,1,0,0,0,0,0,0,0,0,0,0,0,0,0,0,0
Email ID 306,0,0,0,0,0,1,0,0,0,0,0,0,0,0,0,0,0
Email ID 305,0,0,0,0,0,1,0,0,0,0,0,0,0,0,0,0,0
Email ID 302,0,0,0,0,0,1,0,0,0,0,0,0,0,0,0,0,0
Email ID 297,0,1,0,0,0,0,0,0,0,0,0,0,0,0,0,0,0
Email ID 285,0,0,0,0,0,1,0,0,0,0,0,0,0,0,0,0,0
Email ID 284,0,0,0,0,0,1,0,0,0,0,0,0,0,0,0,0,0
Email ID 267,0,1,0,0,0,0,0,0,0,0,0,0,0,0,0,0,0
Email ID 257,0,1,0,0,0,0,0,0,0,0,0,0,0,0,0,0,0
Email ID 245,0,1,0,0,0,0,0,0,0,0,0,0,0,0,0,0,0
Email ID 244,0,1,0,0,0,0,0,0,0,0,0,0,0,0,0,0,0
Email ID 233,0,1,0,0,0,0,0,0,0,0,0,0,0,0,0,0,0
Email ID 223,0,1,0,0,0,0,0,0,0,0,0,0,0,0,0,0,0
Email ID 219,0,1,0,0,0,0,0,0,0,0,0,0,0,0,0,0,0
Email ID 212,0,0,0,0,0,1,0,0,0,0,0,0,0,0,0,0,0
Email ID 207,0,0,0,0,0,1,0,0,0,0,0,0,0,0,0,0,0
Email ID 201,0,0,0,0,0,0,0,0,0,0,0,0,0,0,0,0,1
Email ID 190,0,1,0,0,0,0,0,0,0,0,0,0,0,0,0,0,0
Email ID 187,0,1,0,0,0,0,0,0,0,0,0,0,0,0,0,0,0
Email ID 186,0,1,0,0,0,0,0,0,0,0,0,0,0,0,0,0,0
Email ID 185,0,0,0,0,0,0,0,0,0,0,0,0,0,0,0,0,1
Email ID 184,0,1,0,0,0,0,0,0,0,0,0,0,0,0,0,0,0
Email ID 179,0,0,0,0,0,1,0,0,0,0,0,0,0,0,0,0,0
Email ID 178,0,1,0,0,0,0,0,0,0,0,0,0,0,0,0,0,0
Email ID 160,0,0,0,0,0,1,0,0,0,0,0,0,0,0,0,0,0
Email ID 157,0,1,0,0,0,0,0,0,0,0,0,0,0,0,0,0,0
Email ID 152,0,0,0,0,0,1,0,0,0,0,0,0,0,0,0,0,0
Email ID 139,0,0,0,0,0,0,0,0,0,0,0,0,0,0,0,0,1
Email ID 138,0,0,0,0,0,0,0,0,0,0,0,0,0,0,0,0,1
Email ID 132,0,0,0,0,0,1,0,0,0,0,0,0,0,0,0,0,0
Email ID 129,0,1,0,0,0,0,0,0,0,0,0,0,0,0,0,0,0
Email ID 123,0,0,0,0,0,1,0,0,0,0,0,0,0,0,0,0,0
Email ID 101,0,1,0,0,0,0,0,0,0,0,0,0,0,0,0,0,0
Email ID 99,0,1,0,0,0,0,0,0,0,0,0,0,0,0,0,0,0
Email ID 98,0,0,0,0,0,1,0,0,0,0,0,0,0,0,0,0,0
Email ID 95,0,0,0,0,0,1,0,0,0,0,0,0,0,0,0,0,0
Email ID 94,0,0,0,0,0,1,0,0,0,0,0,0,0,0,0,0,0
Email ID 86,0,1,0,0,0,0,0,0,0,0,0,0,0,0,0,0,0
Email ID 83,0,0,0,0,0,1,0,0,0,0,0,0,0,0,0,0,0
Email ID 78,0,0,0,0,0,1,0,0,0,0,0,0,0,0,0,0,0
Email ID 73,0,0,0,0,0,1,0,0,0,0,0,0,0,0,0,0,0
Email ID 56,0,1,0,0,0,0,0,0,0,0,0,0,0,0,0,0,0
Email ID 34,0,0,0,0,0,1,0,0,0,0,0,0,0,0,0,0,0
Email ID 27,0,1,0,0,0,0,0,0,0,0,0,0,0,0,0,0,0
Email ID 24,0,1,0,0,0,0,0,0,0,0,0,0,0,0,0,0,0
Email ID 20,0,1,0,0,0,0,0,0,0,0,0,0,0,0,0,0,0
Email ID 19,0,1,0,0,0,0,0,0,0,0,0,0,0,0,0,0,0
Email ID 16,0,0,0,0,0,1,0,0,0,0,0,0,0,0,0,0,0
Email ID 14,0,0,0,0,0,1,0,0,0,0,0,0,0,0,0,0,0
Email ID 9,0,1,0,0,0,0,0,0,0,0,0,0,0,0,0,0,0
Email ID 7,0,0,0,0,0,1,0,0,0,0,0,0,0,0,0,0,0
Email ID 3,0,0,0,0,0,1,0,0,0,0,0,0,0,0,0,0,0
Email ID 2,0,0,0,0,0,1,0,0,0,0,0,0,0,0,0,0,0
Email ID 1,0,1,0,0,0,0,0,0,0,0,0,0,0,0,0,0,0
Email ID 1138,0,0,0,0,0,0,0,0,0,0,0,0,0,0,0,0,0
Email ID 1137,0,0,0,0,0,0,0,0,0,0,0,0,0,0,0,0,0
Email ID 1136,0,0,0,0,0,0,0,0,0,0,0,0,0,0,0,0,0
Email ID 1135,0,0,0,0,0,0,0,0,0,0,0,0,0,0,0,0,0
Email ID 1134,0,0,0,0,0,0,0,0,0,0,0,0,0,0,0,0,0
Email ID 1133,0,0,0,0,0,0,0,0,0,0,0,0,0,0,0,0,0
Email ID 1132,0,0,0,0,0,0,0,0,0,0,0,0,0,0,0,0,0
Email ID 1131,0,0,0,0,0,0,0,0,0,0,0,0,0,0,0,0,0
Email ID 1130,0,0,0,0,0,0,0,0,0,0,0,0,0,0,0,0,0
Email ID 1128,0,0,0,0,0,0,0,0,0,0,0,0,0,0,0,0,0
Email ID 1126,0,0,0,0,0,0,0,0,0,0,0,0,0,0,0,0,0
Email ID 1125,0,0,0,0,0,0,0,0,0,0,0,0,0,0,0,0,0
Email ID 1124,0,0,0,0,0,0,0,0,0,0,0,0,0,0,0,0,0
Email ID 1122,0,0,0,0,0,0,0,0,0,0,0,0,0,0,0,0,0
Email ID 1121,0,0,0,0,0,0,0,0,0,0,0,0,0,0,0,0,0
Email ID 1120,0,0,0,0,0,0,0,0,0,0,0,0,0,0,0,0,0
Email ID 1119,0,0,0,0,0,0,0,0,0,0,0,0,0,0,0,0,0
Email ID 1118,0,0,0,0,0,0,0,0,0,0,0,0,0,0,0,0,0
Email ID 1117,0,0,0,0,0,0,0,0,0,0,0,0,0,0,0,0,0
Email ID 1116,0,0,0,0,0,0,0,0,0,0,0,0,0,0,0,0,0
Email ID 1115,0,0,0,0,0,0,0,0,0,0,0,0,0,0,0,0,0
Email ID 1113,0,0,0,0,0,0,0,0,0,0,0,0,0,0,0,0,0
Email ID 1112,0,0,0,0,0,0,0,0,0,0,0,0,0,0,0,0,0
Email ID 1111,0,0,0,0,0,0,0,0,0,0,0,0,0,0,0,0,0
Email ID 1110,0,0,0,0,0,0,0,0,0,0,0,0,0,0,0,0,0
Email ID 1109,0,0,0,0,0,0,0,0,0,0,0,0,0,0,0,0,0
Email ID 1108,0,0,0,0,0,0,0,0,0,0,0,0,0,0,0,0,0
Email ID 1105,0,0,0,0,0,0,0,0,0,0,0,0,0,0,0,0,0
Email ID 1104,0,0,0,0,0,0,0,0,0,0,0,0,0,0,0,0,0
Email ID 1103,0,0,0,0,0,0,0,0,0,0,0,0,0,0,0,0,0
Email ID 1102,0,0,0,0,0,0,0,0,0,0,0,0,0,0,0,0,0
Email ID 1101,0,0,0,0,0,0,0,0,0,0,0,0,0,0,0,0,0
Email ID 1100,0,0,0,0,0,0,0,0,0,0,0,0,0,0,0,0,0
Email ID 1099,0,0,0,0,0,0,0,0,0,0,0,0,0,0,0,0,0
Email ID 1097,0,0,0,0,0,0,0,0,0,0,0,0,0,0,0,0,0
Email ID 1096,0,0,0,0,0,0,0,0,0,0,0,0,0,0,0,0,0
Email ID 1094,0,0,0,0,0,0,0,0,0,0,0,0,0,0,0,0,0
Email ID 1093,0,0,0,0,0,0,0,0,0,0,0,0,0,0,0,0,0
Email ID 1092,0,0,0,0,0,0,0,0,0,0,0,0,0,0,0,0,0
Email ID 1091,0,0,0,0,0,0,0,0,0,0,0,0,0,0,0,0,0
Email ID 1090,0,0,0,0,0,0,0,0,0,0,0,0,0,0,0,0,0
Email ID 1089,0,0,0,0,0,0,0,0,0,0,0,0,0,0,0,0,0
Email ID 1087,0,0,0,0,0,0,0,0,0,0,0,0,0,0,0,0,0
Email ID 1086,0,0,0,0,0,0,0,0,0,0,0,0,0,0,0,0,0
Email ID 1084,0,0,0,0,0,0,0,0,0,0,0,0,0,0,0,0,0
Email ID 1083,0,0,0,0,0,0,0,0,0,0,0,0,0,0,0,0,0
Email ID 1082,0,0,0,0,0,0,0,0,0,0,0,0,0,0,0,0,0
Email ID 1081,0,0,0,0,0,0,0,0,0,0,0,0,0,0,0,0,0
Email ID 1080,0,0,0,0,0,0,0,0,0,0,0,0,0,0,0,0,0
Email ID 1079,0,0,0,0,0,0,0,0,0,0,0,0,0,0,0,0,0
Email ID 1077,0,0,0,0,0,0,0,0,0,0,0,0,0,0,0,0,0
Email ID 1076,0,0,0,0,0,0,0,0,0,0,0,0,0,0,0,0,0
Email ID 1073,0,0,0,0,0,0,0,0,0,0,0,0,0,0,0,0,0
Email ID 1071,0,0,0,0,0,0,0,0,0,0,0,0,0,0,0,0,0
Email ID 1070,0,0,0,0,0,0,0,0,0,0,0,0,0,0,0,0,0
Email ID 1068,0,0,0,0,0,0,0,0,0,0,0,0,0,0,0,0,0
Email ID 1067,0,0,0,0,0,0,0,0,0,0,0,0,0,0,0,0,0
Email ID 1066,0,0,0,0,0,0,0,0,0,0,0,0,0,0,0,0,0
Email ID 1065,0,0,0,0,0,0,0,0,0,0,0,0,0,0,0,0,0
Email ID 1064,0,0,0,0,0,0,0,0,0,0,0,0,0,0,0,0,0
Email ID 1063,0,0,0,0,0,0,0,0,0,0,0,0,0,0,0,0,0
Email ID 1062,0,0,0,0,0,0,0,0,0,0,0,0,0,0,0,0,0
Email ID 1061,0,0,0,0,0,0,0,0,0,0,0,0,0,0,0,0,0
Email ID 1060,0,0,0,0,0,0,0,0,0,0,0,0,0,0,0,0,0
Email ID 1058,0,0,0,0,0,0,0,0,0,0,0,0,0,0,0,0,0
Email ID 1057,0,0,0,0,0,0,0,0,0,0,0,0,0,0,0,0,0
Email ID 1056,0,0,0,0,0,0,0,0,0,0,0,0,0,0,0,0,0
Email ID 1055,0,0,0,0,0,0,0,0,0,0,0,0,0,0,0,0,0
Email ID 1054,0,0,0,0,0,0,0,0,0,0,0,0,0,0,0,0,0
Email ID 1053,0,0,0,0,0,0,0,0,0,0,0,0,0,0,0,0,0
Email ID 1052,0,0,0,0,0,0,0,0,0,0,0,0,0,0,0,0,0
Email ID 1049,0,0,0,0,0,0,0,0,0,0,0,0,0,0,0,0,0
Email ID 1048,0,0,0,0,0,0,0,0,0,0,0,0,0,0,0,0,0
Email ID 1046,0,0,0,0,0,0,0,0,0,0,0,0,0,0,0,0,0
Email ID 1045,0,0,0,0,0,0,0,0,0,0,0,0,0,0,0,0,0
Email ID 1044,0,0,0,0,0,0,0,0,0,0,0,0,0,0,0,0,0
Email ID 1043,0,0,0,0,0,0,0,0,0,0,0,0,0,0,0,0,0
Email ID 1041,0,0,0,0,0,0,0,0,0,0,0,0,0,0,0,0,0
Email ID 1040,0,0,0,0,0,0,0,0,0,0,0,0,0,0,0,0,0
Email ID 1039,0,0,0,0,0,0,0,0,0,0,0,0,0,0,0,0,0
Email ID 1038,0,0,0,0,0,0,0,0,0,0,0,0,0,0,0,0,0
Email ID 1037,0,0,0,0,0,0,0,0,0,0,0,0,0,0,0,0,0
Email ID 1036,0,0,0,0,0,0,0,0,0,0,0,0,0,0,0,0,0
Email ID 1035,0,0,0,0,0,0,0,0,0,0,0,0,0,0,0,0,0
Email ID 1034,0,0,0,0,0,0,0,0,0,0,0,0,0,0,0,0,0
Email ID 1033,0,0,0,0,0,0,0,0,0,0,0,0,0,0,0,0,0
Email ID 1032,0,0,0,0,0,0,0,0,0,0,0,0,0,0,0,0,0
Email ID 1031,0,0,0,0,0,0,0,0,0,0,0,0,0,0,0,0,0
Email ID 1029,0,0,0,0,0,0,0,0,0,0,0,0,0,0,0,0,0
Email ID 1028,0,0,0,0,0,0,0,0,0,0,0,0,0,0,0,0,0
Email ID 1027,0,0,0,0,0,0,0,0,0,0,0,0,0,0,0,0,0
Email ID 1026,0,0,0,0,0,0,0,0,0,0,0,0,0,0,0,0,0
Email ID 1025,0,0,0,0,0,0,0,0,0,0,0,0,0,0,0,0,0
Email ID 1024,0,0,0,0,0,0,0,0,0,0,0,0,0,0,0,0,0
Email ID 1023,0,0,0,0,0,0,0,0,0,0,0,0,0,0,0,0,0
Email ID 1022,0,0,0,0,0,0,0,0,0,0,0,0,0,0,0,0,0
Email ID 1021,0,0,0,0,0,0,0,0,0,0,0,0,0,0,0,0,0
Email ID 1020,0,0,0,0,0,0,0,0,0,0,0,0,0,0,0,0,0
Email ID 1019,0,0,0,0,0,0,0,0,0,0,0,0,0,0,0,0,0
Email ID 1018,0,0,0,0,0,0,0,0,0,0,0,0,0,0,0,0,0
Email ID 1017,0,0,0,0,0,0,0,0,0,0,0,0,0,0,0,0,0
Email ID 1016,0,0,0,0,0,0,0,0,0,0,0,0,0,0,0,0,0
Email ID 1015,0,0,0,0,0,0,0,0,0,0,0,0,0,0,0,0,0
Email ID 1014,0,0,0,0,0,0,0,0,0,0,0,0,0,0,0,0,0
Email ID 1013,0,0,0,0,0,0,0,0,0,0,0,0,0,0,0,0,0
Email ID 1012,0,0,0,0,0,0,0,0,0,0,0,0,0,0,0,0,0
Email ID 1011,0,0,0,0,0,0,0,0,0,0,0,0,0,0,0,0,0
Email ID 1009,0,0,0,0,0,0,0,0,0,0,0,0,0,0,0,0,0
Email ID 1008,0,0,0,0,0,0,0,0,0,0,0,0,0,0,0,0,0
Email ID 1007,0,0,0,0,0,0,0,0,0,0,0,0,0,0,0,0,0
Email ID 1006,0,0,0,0,0,0,0,0,0,0,0,0,0,0,0,0,0
Email ID 1004,0,0,0,0,0,0,0,0,0,0,0,0,0,0,0,0,0
Email ID 1002,0,0,0,0,0,0,0,0,0,0,0,0,0,0,0,0,0
Email ID 1001,0,0,0,0,0,0,0,0,0,0,0,0,0,0,0,0,0
Email ID 1000,0,0,0,0,0,0,0,0,0,0,0,0,0,0,0,0,0
Email ID 999,0,0,0,0,0,0,0,0,0,0,0,0,0,0,0,0,0
Email ID 998,0,0,0,0,0,0,0,0,0,0,0,0,0,0,0,0,0
Email ID 997,0,0,0,0,0,0,0,0,0,0,0,0,0,0,0,0,0
Email ID 996,0,0,0,0,0,0,0,0,0,0,0,0,0,0,0,0,0
Email ID 995,0,0,0,0,0,0,0,0,0,0,0,0,0,0,0,0,0
Email ID 994,0,0,0,0,0,0,0,0,0,0,0,0,0,0,0,0,0
Email ID 993,0,0,0,0,0,0,0,0,0,0,0,0,0,0,0,0,0
Email ID 992,0,0,0,0,0,0,0,0,0,0,0,0,0,0,0,0,0
Email ID 991,0,0,0,0,0,0,0,0,0,0,0,0,0,0,0,0,0
Email ID 990,0,0,0,0,0,0,0,0,0,0,0,0,0,0,0,0,0
Email ID 989,0,0,0,0,0,0,0,0,0,0,0,0,0,0,0,0,0
Email ID 988,0,0,0,0,0,0,0,0,0,0,0,0,0,0,0,0,0
Email ID 987,0,0,0,0,0,0,0,0,0,0,0,0,0,0,0,0,0
Email ID 983,0,0,0,0,0,0,0,0,0,0,0,0,0,0,0,0,0
Email ID 982,0,0,0,0,0,0,0,0,0,0,0,0,0,0,0,0,0
Email ID 979,0,0,0,0,0,0,0,0,0,0,0,0,0,0,0,0,0
Email ID 978,0,0,0,0,0,0,0,0,0,0,0,0,0,0,0,0,0
Email ID 977,0,0,0,0,0,0,0,0,0,0,0,0,0,0,0,0,0
Email ID 976,0,0,0,0,0,0,0,0,0,0,0,0,0,0,0,0,0
Email ID 975,0,0,0,0,0,0,0,0,0,0,0,0,0,0,0,0,0
Email ID 974,0,0,0,0,0,0,0,0,0,0,0,0,0,0,0,0,0
Email ID 973,0,0,0,0,0,0,0,0,0,0,0,0,0,0,0,0,0
Email ID 972,0,0,0,0,0,0,0,0,0,0,0,0,0,0,0,0,0
Email ID 971,0,0,0,0,0,0,0,0,0,0,0,0,0,0,0,0,0
Email ID 970,0,0,0,0,0,0,0,0,0,0,0,0,0,0,0,0,0
Email ID 969,0,0,0,0,0,0,0,0,0,0,0,0,0,0,0,0,0
Email ID 968,0,0,0,0,0,0,0,0,0,0,0,0,0,0,0,0,0
Email ID 967,0,0,0,0,0,0,0,0,0,0,0,0,0,0,0,0,0
Email ID 965,0,0,0,0,0,0,0,0,0,0,0,0,0,0,0,0,0
Email ID 964,0,0,0,0,0,0,0,0,0,0,0,0,0,0,0,0,0
Email ID 960,0,0,0,0,0,0,0,0,0,0,0,0,0,0,0,0,0
Email ID 959,0,0,0,0,0,0,0,0,0,0,0,0,0,0,0,0,0
Email ID 958,0,0,0,0,0,0,0,0,0,0,0,0,0,0,0,0,0
Email ID 957,0,0,0,0,0,0,0,0,0,0,0,0,0,0,0,0,0
Email ID 955,0,0,0,0,0,0,0,0,0,0,0,0,0,0,0,0,0
Email ID 954,0,0,0,0,0,0,0,0,0,0,0,0,0,0,0,0,0
Email ID 952,0,0,0,0,0,0,0,0,0,0,0,0,0,0,0,0,0
Email ID 951,0,0,0,0,0,0,0,0,0,0,0,0,0,0,0,0,0
Email ID 950,0,0,0,0,0,0,0,0,0,0,0,0,0,0,0,0,0
Email ID 948,0,0,0,0,0,0,0,0,0,0,0,0,0,0,0,0,0
Email ID 947,0,0,0,0,0,0,0,0,0,0,0,0,0,0,0,0,0
Email ID 945,0,0,0,0,0,0,0,0,0,0,0,0,0,0,0,0,0
Email ID 941,0,0,0,0,0,0,0,0,0,0,0,0,0,0,0,0,0
Email ID 938,0,0,0,0,0,0,0,0,0,0,0,0,0,0,0,0,0
Email ID 936,0,0,0,0,0,0,0,0,0,0,0,0,0,0,0,0,0
Email ID 928,0,0,0,0,0,0,0,0,0,0,0,0,0,0,0,0,0
Email ID 927,0,0,0,0,0,0,0,0,0,0,0,0,0,0,0,0,0
Email ID 926,0,0,0,0,0,0,0,0,0,0,0,0,0,0,0,0,0
Email ID 922,0,0,0,0,0,0,0,0,0,0,0,0,0,0,0,0,0
Email ID 921,0,0,0,0,0,0,0,0,0,0,0,0,0,0,0,0,0
Email ID 920,0,0,0,0,0,0,0,0,0,0,0,0,0,0,0,0,0
Email ID 918,0,0,0,0,0,0,0,0,0,0,0,0,0,0,0,0,0
Email ID 917,0,0,0,0,0,0,0,0,0,0,0,0,0,0,0,0,0
Email ID 916,0,0,0,0,0,0,0,0,0,0,0,0,0,0,0,0,0
Email ID 915,0,0,0,0,0,0,0,0,0,0,0,0,0,0,0,0,0
Email ID 914,0,0,0,0,0,0,0,0,0,0,0,0,0,0,0,0,0
Email ID 913,0,0,0,0,0,0,0,0,0,0,0,0,0,0,0,0,0
Email ID 912,0,0,0,0,0,0,0,0,0,0,0,0,0,0,0,0,0
Email ID 911,0,0,0,0,0,0,0,0,0,0,0,0,0,0,0,0,0
Email ID 910,0,0,0,0,0,0,0,0,0,0,0,0,0,0,0,0,0
Email ID 909,0,0,0,0,0,0,0,0,0,0,0,0,0,0,0,0,0
Email ID 908,0,0,0,0,0,0,0,0,0,0,0,0,0,0,0,0,0
Email ID 906,0,0,0,0,0,0,0,0,0,0,0,0,0,0,0,0,0
Email ID 905,0,0,0,0,0,0,0,0,0,0,0,0,0,0,0,0,0
Email ID 903,0,0,0,0,0,0,0,0,0,0,0,0,0,0,0,0,0
Email ID 902,0,0,0,0,0,0,0,0,0,0,0,0,0,0,0,0,0
Email ID 901,0,0,0,0,0,0,0,0,0,0,0,0,0,0,0,0,0
Email ID 900,0,0,0,0,0,0,0,0,0,0,0,0,0,0,0,0,0
Email ID 899,0,0,0,0,0,0,0,0,0,0,0,0,0,0,0,0,0
Email ID 898,0,0,0,0,0,0,0,0,0,0,0,0,0,0,0,0,0
Email ID 897,0,0,0,0,0,0,0,0,0,0,0,0,0,0,0,0,0
Email ID 896,0,0,0,0,0,0,0,0,0,0,0,0,0,0,0,0,0
Email ID 895,0,0,0,0,0,0,0,0,0,0,0,0,0,0,0,0,0
Email ID 894,0,0,0,0,0,0,0,0,0,0,0,0,0,0,0,0,0
Email ID 893,0,0,0,0,0,0,0,0,0,0,0,0,0,0,0,0,0
Email ID 892,0,0,0,0,0,0,0,0,0,0,0,0,0,0,0,0,0
Email ID 888,0,0,0,0,0,0,0,0,0,0,0,0,0,0,0,0,0
Email ID 887,0,0,0,0,0,0,0,0,0,0,0,0,0,0,0,0,0
Email ID 886,0,0,0,0,0,0,0,0,0,0,0,0,0,0,0,0,0
Email ID 885,0,0,0,0,0,0,0,0,0,0,0,0,0,0,0,0,0
Email ID 884,0,0,0,0,0,0,0,0,0,0,0,0,0,0,0,0,0
Email ID 883,0,0,0,0,0,0,0,0,0,0,0,0,0,0,0,0,0
Email ID 882,0,0,0,0,0,0,0,0,0,0,0,0,0,0,0,0,0
Email ID 881,0,0,0,0,0,0,0,0,0,0,0,0,0,0,0,0,0
Email ID 880,0,0,0,0,0,0,0,0,0,0,0,0,0,0,0,0,0
Email ID 878,0,0,0,0,0,0,0,0,0,0,0,0,0,0,0,0,0
Email ID 875,0,0,0,0,0,0,0,0,0,0,0,0,0,0,0,0,0
Email ID 874,0,0,0,0,0,0,0,0,0,0,0,0,0,0,0,0,0
Email ID 873,0,0,0,0,0,0,0,0,0,0,0,0,0,0,0,0,0
Email ID 871,0,0,0,0,0,0,0,0,0,0,0,0,0,0,0,0,0
Email ID 870,0,0,0,0,0,0,0,0,0,0,0,0,0,0,0,0,0
Email ID 869,0,0,0,0,0,0,0,0,0,0,0,0,0,0,0,0,0
Email ID 867,0,0,0,0,0,0,0,0,0,0,0,0,0,0,0,0,0
Email ID 863,0,0,0,0,0,0,0,0,0,0,0,0,0,0,0,0,0
Email ID 856,0,0,0,0,0,0,0,0,0,0,0,0,0,0,0,0,0
Email ID 854,0,0,0,0,0,0,0,0,0,0,0,0,0,0,0,0,0
Email ID 852,0,0,0,0,0,0,0,0,0,0,0,0,0,0,0,0,0
Email ID 851,0,0,0,0,0,0,0,0,0,0,0,0,0,0,0,0,0
Email ID 849,0,0,0,0,0,0,0,0,0,0,0,0,0,0,0,0,0
Email ID 848,0,0,0,0,0,0,0,0,0,0,0,0,0,0,0,0,0
Email ID 847,0,0,0,0,0,0,0,0,0,0,0,0,0,0,0,0,0
Email ID 846,0,0,0,0,0,0,0,0,0,0,0,0,0,0,0,0,0
Email ID 844,0,0,0,0,0,0,0,0,0,0,0,0,0,0,0,0,0
Email ID 843,0,0,0,0,0,0,0,0,0,0,0,0,0,0,0,0,0
Email ID 840,0,0,0,0,0,0,0,0,0,0,0,0,0,0,0,0,0
Email ID 839,0,0,0,0,0,0,0,0,0,0,0,0,0,0,0,0,0
Email ID 838,0,0,0,0,0,0,0,0,0,0,0,0,0,0,0,0,0
Email ID 837,0,0,0,0,0,0,0,0,0,0,0,0,0,0,0,0,0
Email ID 835,0,0,0,0,0,0,0,0,0,0,0,0,0,0,0,0,0
Email ID 833,0,0,0,0,0,0,0,0,0,0,0,0,0,0,0,0,0
Email ID 832,0,0,0,0,0,0,0,0,0,0,0,0,0,0,0,0,0
Email ID 831,0,0,0,0,0,0,0,0,0,0,0,0,0,0,0,0,0
Email ID 830,0,0,0,0,0,0,0,0,0,0,0,0,0,0,0,0,0
Email ID 825,0,0,0,0,0,0,0,0,0,0,0,0,0,0,0,0,0
Email ID 824,0,0,0,0,0,0,0,0,0,0,0,0,0,0,0,0,0
Email ID 823,0,0,0,0,0,0,0,0,0,0,0,0,0,0,0,0,0
Email ID 822,0,0,0,0,0,0,0,0,0,0,0,0,0,0,0,0,0
Email ID 817,0,0,0,0,0,0,0,0,0,0,0,0,0,0,0,0,0
Email ID 816,0,0,0,0,0,0,0,0,0,0,0,0,0,0,0,0,0
Email ID 815,0,0,0,0,0,0,0,0,0,0,0,0,0,0,0,0,0
Email ID 814,0,0,0,0,0,0,0,0,0,0,0,0,0,0,0,0,0
Email ID 811,0,0,0,0,0,0,0,0,0,0,0,0,0,0,0,0,0
Email ID 810,0,0,0,0,0,0,0,0,0,0,0,0,0,0,0,0,0
Email ID 809,0,0,0,0,0,0,0,0,0,0,0,0,0,0,0,0,0
Email ID 808,0,0,0,0,0,0,0,0,0,0,0,0,0,0,0,0,0
Email ID 807,0,0,0,0,0,0,0,0,0,0,0,0,0,0,0,0,0
Email ID 806,0,0,0,0,0,0,0,0,0,0,0,0,0,0,0,0,0
Email ID 805,0,0,0,0,0,0,0,0,0,0,0,0,0,0,0,0,0
Email ID 804,0,0,0,0,0,0,0,0,0,0,0,0,0,0,0,0,0
Email ID 803,0,0,0,0,0,0,0,0,0,0,0,0,0,0,0,0,0
Email ID 802,0,0,0,0,0,0,0,0,0,0,0,0,0,0,0,0,0
Email ID 801,0,0,0,0,0,0,0,0,0,0,0,0,0,0,0,0,0
Email ID 800,0,0,0,0,0,0,0,0,0,0,0,0,0,0,0,0,0
Email ID 799,0,0,0,0,0,0,0,0,0,0,0,0,0,0,0,0,0
Email ID 798,0,0,0,0,0,0,0,0,0,0,0,0,0,0,0,0,0
Email ID 797,0,0,0,0,0,0,0,0,0,0,0,0,0,0,0,0,0
Email ID 796,0,0,0,0,0,0,0,0,0,0,0,0,0,0,0,0,0
Email ID 794,0,0,0,0,0,0,0,0,0,0,0,0,0,0,0,0,0
Email ID 793,0,0,0,0,0,0,0,0,0,0,0,0,0,0,0,0,0
Email ID 792,0,0,0,0,0,0,0,0,0,0,0,0,0,0,0,0,0
Email ID 790,0,0,0,0,0,0,0,0,0,0,0,0,0,0,0,0,0
Email ID 789,0,0,0,0,0,0,0,0,0,0,0,0,0,0,0,0,0
Email ID 788,0,0,0,0,0,0,0,0,0,0,0,0,0,0,0,0,0
Email ID 785,0,0,0,0,0,0,0,0,0,0,0,0,0,0,0,0,0
Email ID 783,0,0,0,0,0,0,0,0,0,0,0,0,0,0,0,0,0
Email ID 782,0,0,0,0,0,0,0,0,0,0,0,0,0,0,0,0,0
Email ID 780,0,0,0,0,0,0,0,0,0,0,0,0,0,0,0,0,0
Email ID 779,0,0,0,0,0,0,0,0,0,0,0,0,0,0,0,0,0
Email ID 778,0,0,0,0,0,0,0,0,0,0,0,0,0,0,0,0,0
Email ID 777,0,0,0,0,0,0,0,0,0,0,0,0,0,0,0,0,0
Email ID 776,0,0,0,0,0,0,0,0,0,0,0,0,0,0,0,0,0
Email ID 775,0,0,0,0,0,0,0,0,0,0,0,0,0,0,0,0,0
Email ID 773,0,0,0,0,0,0,0,0,0,0,0,0,0,0,0,0,0
Email ID 772,0,0,0,0,0,0,0,0,0,0,0,0,0,0,0,0,0
Email ID 770,0,0,0,0,0,0,0,0,0,0,0,0,0,0,0,0,0
Email ID 768,0,0,0,0,0,0,0,0,0,0,0,0,0,0,0,0,0
Email ID 766,0,0,0,0,0,0,0,0,0,0,0,0,0,0,0,0,0
Email ID 764,0,0,0,0,0,0,0,0,0,0,0,0,0,0,0,0,0
Email ID 763,0,0,0,0,0,0,0,0,0,0,0,0,0,0,0,0,0
Email ID 761,0,0,0,0,0,0,0,0,0,0,0,0,0,0,0,0,0
Email ID 756,0,0,0,0,0,0,0,0,0,0,0,0,0,0,0,0,0
Email ID 753,0,0,0,0,0,0,0,0,0,0,0,0,0,0,0,0,0
Email ID 752,0,0,0,0,0,0,0,0,0,0,0,0,0,0,0,0,0
Email ID 750,0,0,0,0,0,0,0,0,0,0,0,0,0,0,0,0,0
Email ID 749,0,0,0,0,0,0,0,0,0,0,0,0,0,0,0,0,0
Email ID 746,0,0,0,0,0,0,0,0,0,0,0,0,0,0,0,0,0
Email ID 742,0,0,0,0,0,0,0,0,0,0,0,0,0,0,0,0,0
Email ID 741,0,0,0,0,0,0,0,0,0,0,0,0,0,0,0,0,0
Email ID 740,0,0,0,0,0,0,0,0,0,0,0,0,0,0,0,0,0
Email ID 738,0,0,0,0,0,0,0,0,0,0,0,0,0,0,0,0,0
Email ID 737,0,0,0,0,0,0,0,0,0,0,0,0,0,0,0,0,0
Email ID 736,0,0,0,0,0,0,0,0,0,0,0,0,0,0,0,0,0
Email ID 732,0,0,0,0,0,0,0,0,0,0,0,0,0,0,0,0,0
Email ID 731,0,0,0,0,0,0,0,0,0,0,0,0,0,0,0,0,0
Email ID 728,0,0,0,0,0,0,0,0,0,0,0,0,0,0,0,0,0
Email ID 727,0,0,0,0,0,0,0,0,0,0,0,0,0,0,0,0,0
Email ID 726,0,0,0,0,0,0,0,0,0,0,0,0,0,0,0,0,0
Email ID 725,0,0,0,0,0,0,0,0,0,0,0,0,0,0,0,0,0
Email ID 723,0,0,0,0,0,0,0,0,0,0,0,0,0,0,0,0,0
Email ID 722,0,0,0,0,0,0,0,0,0,0,0,0,0,0,0,0,0
Email ID 721,0,0,0,0,0,0,0,0,0,0,0,0,0,0,0,0,0
Email ID 720,0,0,0,0,0,0,0,0,0,0,0,0,0,0,0,0,0
Email ID 718,0,0,0,0,0,0,0,0,0,0,0,0,0,0,0,0,0
Email ID 717,0,0,0,0,0,0,0,0,0,0,0,0,0,0,0,0,0
Email ID 716,0,0,0,0,0,0,0,0,0,0,0,0,0,0,0,0,0
Email ID 715,0,0,0,0,0,0,0,0,0,0,0,0,0,0,0,0,0
Email ID 714,0,0,0,0,0,0,0,0,0,0,0,0,0,0,0,0,0
Email ID 712,0,0,0,0,0,0,0,0,0,0,0,0,0,0,0,0,0
Email ID 711,0,0,0,0,0,0,0,0,0,0,0,0,0,0,0,0,0
Email ID 710,0,0,0,0,0,0,0,0,0,0,0,0,0,0,0,0,0
Email ID 709,0,0,0,0,0,0,0,0,0,0,0,0,0,0,0,0,0
Email ID 707,0,0,0,0,0,0,0,0,0,0,0,0,0,0,0,0,0
Email ID 706,0,0,0,0,0,0,0,0,0,0,0,0,0,0,0,0,0
Email ID 703,0,0,0,0,0,0,0,0,0,0,0,0,0,0,0,0,0
Email ID 701,0,0,0,0,0,0,0,0,0,0,0,0,0,0,0,0,0
Email ID 700,0,0,0,0,0,0,0,0,0,0,0,0,0,0,0,0,0
Email ID 699,0,0,0,0,0,0,0,0,0,0,0,0,0,0,0,0,0
Email ID 698,0,0,0,0,0,0,0,0,0,0,0,0,0,0,0,0,0
Email ID 697,0,0,0,0,0,0,0,0,0,0,0,0,0,0,0,0,0
Email ID 696,0,0,0,0,0,0,0,0,0,0,0,0,0,0,0,0,0
Email ID 695,0,0,0,0,0,0,0,0,0,0,0,0,0,0,0,0,0
Email ID 693,0,0,0,0,0,0,0,0,0,0,0,0,0,0,0,0,0
Email ID 692,0,0,0,0,0,0,0,0,0,0,0,0,0,0,0,0,0
Email ID 691,0,0,0,0,0,0,0,0,0,0,0,0,0,0,0,0,0
Email ID 688,0,0,0,0,0,0,0,0,0,0,0,0,0,0,0,0,0
Email ID 686,0,0,0,0,0,0,0,0,0,0,0,0,0,0,0,0,0
Email ID 685,0,0,0,0,0,0,0,0,0,0,0,0,0,0,0,0,0
Email ID 684,0,0,0,0,0,0,0,0,0,0,0,0,0,0,0,0,0
Email ID 683,0,0,0,0,0,0,0,0,0,0,0,0,0,0,0,0,0
Email ID 682,0,0,0,0,0,0,0,0,0,0,0,0,0,0,0,0,0
Email ID 679,0,0,0,0,0,0,0,0,0,0,0,0,0,0,0,0,0
Email ID 677,0,0,0,0,0,0,0,0,0,0,0,0,0,0,0,0,0
Email ID 676,0,0,0,0,0,0,0,0,0,0,0,0,0,0,0,0,0
Email ID 674,0,0,0,0,0,0,0,0,0,0,0,0,0,0,0,0,0
Email ID 673,0,0,0,0,0,0,0,0,0,0,0,0,0,0,0,0,0
Email ID 671,0,0,0,0,0,0,0,0,0,0,0,0,0,0,0,0,0
Email ID 667,0,0,0,0,0,0,0,0,0,0,0,0,0,0,0,0,0
Email ID 666,0,0,0,0,0,0,0,0,0,0,0,0,0,0,0,0,0
Email ID 664,0,0,0,0,0,0,0,0,0,0,0,0,0,0,0,0,0
Email ID 663,0,0,0,0,0,0,0,0,0,0,0,0,0,0,0,0,0
Email ID 660,0,0,0,0,0,0,0,0,0,0,0,0,0,0,0,0,0
Email ID 659,0,0,0,0,0,0,0,0,0,0,0,0,0,0,0,0,0
Email ID 658,0,0,0,0,0,0,0,0,0,0,0,0,0,0,0,0,0
Email ID 656,0,0,0,0,0,0,0,0,0,0,0,0,0,0,0,0,0
Email ID 653,0,0,0,0,0,0,0,0,0,0,0,0,0,0,0,0,0
Email ID 652,0,0,0,0,0,0,0,0,0,0,0,0,0,0,0,0,0
Email ID 651,0,0,0,0,0,0,0,0,0,0,0,0,0,0,0,0,0
Email ID 650,0,0,0,0,0,0,0,0,0,0,0,0,0,0,0,0,0
Email ID 648,0,0,0,0,0,0,0,0,0,0,0,0,0,0,0,0,0
Email ID 647,0,0,0,0,0,0,0,0,0,0,0,0,0,0,0,0,0
Email ID 644,0,0,0,0,0,0,0,0,0,0,0,0,0,0,0,0,0
Email ID 640,0,0,0,0,0,0,0,0,0,0,0,0,0,0,0,0,0
Email ID 639,0,0,0,0,0,0,0,0,0,0,0,0,0,0,0,0,0
Email ID 638,0,0,0,0,0,0,0,0,0,0,0,0,0,0,0,0,0
Email ID 637,0,0,0,0,0,0,0,0,0,0,0,0,0,0,0,0,0
Email ID 632,0,0,0,0,0,0,0,0,0,0,0,0,0,0,0,0,0
Email ID 629,0,0,0,0,0,0,0,0,0,0,0,0,0,0,0,0,0
Email ID 625,0,0,0,0,0,0,0,0,0,0,0,0,0,0,0,0,0
Email ID 621,0,0,0,0,0,0,0,0,0,0,0,0,0,0,0,0,0
Email ID 619,0,0,0,0,0,0,0,0,0,0,0,0,0,0,0,0,0
Email ID 618,0,0,0,0,0,0,0,0,0,0,0,0,0,0,0,0,0
Email ID 617,0,0,0,0,0,0,0,0,0,0,0,0,0,0,0,0,0
Email ID 616,0,0,0,0,0,0,0,0,0,0,0,0,0,0,0,0,0
Email ID 615,0,0,0,0,0,0,0,0,0,0,0,0,0,0,0,0,0
Email ID 611,0,0,0,0,0,0,0,0,0,0,0,0,0,0,0,0,0
Email ID 610,0,0,0,0,0,0,0,0,0,0,0,0,0,0,0,0,0
Email ID 604,0,0,0,0,0,0,0,0,0,0,0,0,0,0,0,0,0
Email ID 603,0,0,0,0,0,0,0,0,0,0,0,0,0,0,0,0,0
Email ID 599,0,0,0,0,0,0,0,0,0,0,0,0,0,0,0,0,0
Email ID 598,0,0,0,0,0,0,0,0,0,0,0,0,0,0,0,0,0
Email ID 597,0,0,0,0,0,0,0,0,0,0,0,0,0,0,0,0,0
Email ID 596,0,0,0,0,0,0,0,0,0,0,0,0,0,0,0,0,0
Email ID 594,0,0,0,0,0,0,0,0,0,0,0,0,0,0,0,0,0
Email ID 593,0,0,0,0,0,0,0,0,0,0,0,0,0,0,0,0,0
Email ID 592,0,0,0,0,0,0,0,0,0,0,0,0,0,0,0,0,0
Email ID 591,0,0,0,0,0,0,0,0,0,0,0,0,0,0,0,0,0
Email ID 590,0,0,0,0,0,0,0,0,0,0,0,0,0,0,0,0,0
Email ID 589,0,0,0,0,0,0,0,0,0,0,0,0,0,0,0,0,0
Email ID 588,0,0,0,0,0,0,0,0,0,0,0,0,0,0,0,0,0
Email ID 587,0,0,0,0,0,0,0,0,0,0,0,0,0,0,0,0,0
Email ID 585,0,0,0,0,0,0,0,0,0,0,0,0,0,0,0,0,0
Email ID 580,0,0,0,0,0,0,0,0,0,0,0,0,0,0,0,0,0
Email ID 579,0,0,0,0,0,0,0,0,0,0,0,0,0,0,0,0,0
Email ID 578,0,0,0,0,0,0,0,0,0,0,0,0,0,0,0,0,0
Email ID 576,0,0,0,0,0,0,0,0,0,0,0,0,0,0,0,0,0
Email ID 575,0,0,0,0,0,0,0,0,0,0,0,0,0,0,0,0,0
Email ID 573,0,0,0,0,0,0,0,0,0,0,0,0,0,0,0,0,0
Email ID 572,0,0,0,0,0,0,0,0,0,0,0,0,0,0,0,0,0
Email ID 571,0,0,0,0,0,0,0,0,0,0,0,0,0,0,0,0,0
Email ID 569,0,0,0,0,0,0,0,0,0,0,0,0,0,0,0,0,0
Email ID 564,0,0,0,0,0,0,0,0,0,0,0,0,0,0,0,0,0
Email ID 563,0,0,0,0,0,0,0,0,0,0,0,0,0,0,0,0,0
Email ID 562,0,0,0,0,0,0,0,0,0,0,0,0,0,0,0,0,0
Email ID 561,0,0,0,0,0,0,0,0,0,0,0,0,0,0,0,0,0
Email ID 560,0,0,0,0,0,0,0,0,0,0,0,0,0,0,0,0,0
Email ID 559,0,0,0,0,0,0,0,0,0,0,0,0,0,0,0,0,0
Email ID 558,0,0,0,0,0,0,0,0,0,0,0,0,0,0,0,0,0
Email ID 551,0,0,0,0,0,0,0,0,0,0,0,0,0,0,0,0,0
Email ID 550,0,0,0,0,0,0,0,0,0,0,0,0,0,0,0,0,0
Email ID 548,0,0,0,0,0,0,0,0,0,0,0,0,0,0,0,0,0
Email ID 547,0,0,0,0,0,0,0,0,0,0,0,0,0,0,0,0,0
Email ID 546,0,0,0,0,0,0,0,0,0,0,0,0,0,0,0,0,0
Email ID 544,0,0,0,0,0,0,0,0,0,0,0,0,0,0,0,0,0
Email ID 543,0,0,0,0,0,0,0,0,0,0,0,0,0,0,0,0,0
Email ID 542,0,0,0,0,0,0,0,0,0,0,0,0,0,0,0,0,0
Email ID 541,0,0,0,0,0,0,0,0,0,0,0,0,0,0,0,0,0
Email ID 540,0,0,0,0,0,0,0,0,0,0,0,0,0,0,0,0,0
Email ID 539,0,0,0,0,0,0,0,0,0,0,0,0,0,0,0,0,0
Email ID 534,0,0,0,0,0,0,0,0,0,0,0,0,0,0,0,0,0
Email ID 533,0,0,0,0,0,0,0,0,0,0,0,0,0,0,0,0,0
Email ID 531,0,0,0,0,0,0,0,0,0,0,0,0,0,0,0,0,0
Email ID 530,0,0,0,0,0,0,0,0,0,0,0,0,0,0,0,0,0
Email ID 529,0,0,0,0,0,0,0,0,0,0,0,0,0,0,0,0,0
Email ID 528,0,0,0,0,0,0,0,0,0,0,0,0,0,0,0,0,0
Email ID 525,0,0,0,0,0,0,0,0,0,0,0,0,0,0,0,0,0
Email ID 524,0,0,0,0,0,0,0,0,0,0,0,0,0,0,0,0,0
Email ID 523,0,0,0,0,0,0,0,0,0,0,0,0,0,0,0,0,0
Email ID 519,0,0,0,0,0,0,0,0,0,0,0,0,0,0,0,0,0
Email ID 518,0,0,0,0,0,0,0,0,0,0,0,0,0,0,0,0,0
Email ID 517,0,0,0,0,0,0,0,0,0,0,0,0,0,0,0,0,0
Email ID 516,0,0,0,0,0,0,0,0,0,0,0,0,0,0,0,0,0
Email ID 515,0,0,0,0,0,0,0,0,0,0,0,0,0,0,0,0,0
Email ID 512,0,0,0,0,0,0,0,0,0,0,0,0,0,0,0,0,0
Email ID 511,0,0,0,0,0,0,0,0,0,0,0,0,0,0,0,0,0
Email ID 510,0,0,0,0,0,0,0,0,0,0,0,0,0,0,0,0,0
Email ID 509,0,0,0,0,0,0,0,0,0,0,0,0,0,0,0,0,0
Email ID 503,0,0,0,0,0,0,0,0,0,0,0,0,0,0,0,0,0
Email ID 502,0,0,0,0,0,0,0,0,0,0,0,0,0,0,0,0,0
Email ID 501,0,0,0,0,0,0,0,0,0,0,0,0,0,0,0,0,0
Email ID 500,0,0,0,0,0,0,0,0,0,0,0,0,0,0,0,0,0
Email ID 497,0,0,0,0,0,0,0,0,0,0,0,0,0,0,0,0,0
Email ID 496,0,0,0,0,0,0,0,0,0,0,0,0,0,0,0,0,0
Email ID 495,0,0,0,0,0,0,0,0,0,0,0,0,0,0,0,0,0
Email ID 494,0,0,0,0,0,0,0,0,0,0,0,0,0,0,0,0,0
Email ID 493,0,0,0,0,0,0,0,0,0,0,0,0,0,0,0,0,0
Email ID 492,0,0,0,0,0,0,0,0,0,0,0,0,0,0,0,0,0
Email ID 491,0,0,0,0,0,0,0,0,0,0,0,0,0,0,0,0,0
Email ID 490,0,0,0,0,0,0,0,0,0,0,0,0,0,0,0,0,0
Email ID 489,0,0,0,0,0,0,0,0,0,0,0,0,0,0,0,0,0
Email ID 486,0,0,0,0,0,0,0,0,0,0,0,0,0,0,0,0,0
Email ID 484,0,0,0,0,0,0,0,0,0,0,0,0,0,0,0,0,0
Email ID 483,0,0,0,0,0,0,0,0,0,0,0,0,0,0,0,0,0
Email ID 482,0,0,0,0,0,0,0,0,0,0,0,0,0,0,0,0,0
Email ID 481,0,0,0,0,0,0,0,0,0,0,0,0,0,0,0,0,0
Email ID 480,0,0,0,0,0,0,0,0,0,0,0,0,0,0,0,0,0
Email ID 478,0,0,0,0,0,0,0,0,0,0,0,0,0,0,0,0,0
Email ID 477,0,0,0,0,0,0,0,0,0,0,0,0,0,0,0,0,0
Email ID 476,0,0,0,0,0,0,0,0,0,0,0,0,0,0,0,0,0
Email ID 475,0,0,0,0,0,0,0,0,0,0,0,0,0,0,0,0,0
Email ID 471,0,0,0,0,0,0,0,0,0,0,0,0,0,0,0,0,0
Email ID 470,0,0,0,0,0,0,0,0,0,0,0,0,0,0,0,0,0
Email ID 469,0,0,0,0,0,0,0,0,0,0,0,0,0,0,0,0,0
Email ID 468,0,0,0,0,0,0,0,0,0,0,0,0,0,0,0,0,0
Email ID 463,0,0,0,0,0,0,0,0,0,0,0,0,0,0,0,0,0
Email ID 462,0,0,0,0,0,0,0,0,0,0,0,0,0,0,0,0,0
Email ID 460,0,0,0,0,0,0,0,0,0,0,0,0,0,0,0,0,0
Email ID 458,0,0,0,0,0,0,0,0,0,0,0,0,0,0,0,0,0
Email ID 455,0,0,0,0,0,0,0,0,0,0,0,0,0,0,0,0,0
Email ID 453,0,0,0,0,0,0,0,0,0,0,0,0,0,0,0,0,0
Email ID 450,0,0,0,0,0,0,0,0,0,0,0,0,0,0,0,0,0
Email ID 449,0,0,0,0,0,0,0,0,0,0,0,0,0,0,0,0,0
Email ID 448,0,0,0,0,0,0,0,0,0,0,0,0,0,0,0,0,0
Email ID 447,0,0,0,0,0,0,0,0,0,0,0,0,0,0,0,0,0
Email ID 444,0,0,0,0,0,0,0,0,0,0,0,0,0,0,0,0,0
Email ID 443,0,0,0,0,0,0,0,0,0,0,0,0,0,0,0,0,0
Email ID 441,0,0,0,0,0,0,0,0,0,0,0,0,0,0,0,0,0
Email ID 440,0,0,0,0,0,0,0,0,0,0,0,0,0,0,0,0,0
Email ID 437,0,0,0,0,0,0,0,0,0,0,0,0,0,0,0,0,0
Email ID 432,0,0,0,0,0,0,0,0,0,0,0,0,0,0,0,0,0
Email ID 431,0,0,0,0,0,0,0,0,0,0,0,0,0,0,0,0,0
Email ID 430,0,0,0,0,0,0,0,0,0,0,0,0,0,0,0,0,0
Email ID 429,0,0,0,0,0,0,0,0,0,0,0,0,0,0,0,0,0
Email ID 428,0,0,0,0,0,0,0,0,0,0,0,0,0,0,0,0,0
Email ID 425,0,0,0,0,0,0,0,0,0,0,0,0,0,0,0,0,0
Email ID 424,0,0,0,0,0,0,0,0,0,0,0,0,0,0,0,0,0
Email ID 423,0,0,0,0,0,0,0,0,0,0,0,0,0,0,0,0,0
Email ID 420,0,0,0,0,0,0,0,0,0,0,0,0,0,0,0,0,0
Email ID 419,0,0,0,0,0,0,0,0,0,0,0,0,0,0,0,0,0
Email ID 418,0,0,0,0,0,0,0,0,0,0,0,0,0,0,0,0,0
Email ID 415,0,0,0,0,0,0,0,0,0,0,0,0,0,0,0,0,0
Email ID 413,0,0,0,0,0,0,0,0,0,0,0,0,0,0,0,0,0
Email ID 412,0,0,0,0,0,0,0,0,0,0,0,0,0,0,0,0,0
Email ID 411,0,0,0,0,0,0,0,0,0,0,0,0,0,0,0,0,0
Email ID 410,0,0,0,0,0,0,0,0,0,0,0,0,0,0,0,0,0
Email ID 406,0,0,0,0,0,0,0,0,0,0,0,0,0,0,0,0,0
Email ID 400,0,0,0,0,0,0,0,0,0,0,0,0,0,0,0,0,0
Email ID 399,0,0,0,0,0,0,0,0,0,0,0,0,0,0,0,0,0
Email ID 394,0,0,0,0,0,0,0,0,0,0,0,0,0,0,0,0,0
Email ID 385,0,0,0,0,0,0,0,0,0,0,0,0,0,0,0,0,0
Email ID 379,0,0,0,0,0,0,0,0,0,0,0,0,0,0,0,0,0
Email ID 377,0,0,0,0,0,0,0,0,0,0,0,0,0,0,0,0,0
Email ID 376,0,0,0,0,0,0,0,0,0,0,0,0,0,0,0,0,0
Email ID 375,0,0,0,0,0,0,0,0,0,0,0,0,0,0,0,0,0
Email ID 374,0,0,0,0,0,0,0,0,0,0,0,0,0,0,0,0,0
Email ID 373,0,0,0,0,0,0,0,0,0,0,0,0,0,0,0,0,0
Email ID 371,0,0,0,0,0,0,0,0,0,0,0,0,0,0,0,0,0
Email ID 369,0,0,0,0,0,0,0,0,0,0,0,0,0,0,0,0,0
Email ID 366,0,0,0,0,0,0,0,0,0,0,0,0,0,0,0,0,0
Email ID 365,0,0,0,0,0,0,0,0,0,0,0,0,0,0,0,0,0
Email ID 364,0,0,0,0,0,0,0,0,0,0,0,0,0,0,0,0,0
Email ID 363,0,0,0,0,0,0,0,0,0,0,0,0,0,0,0,0,0
Email ID 361,0,0,0,0,0,0,0,0,0,0,0,0,0,0,0,0,0
Email ID 359,0,0,0,0,0,0,0,0,0,0,0,0,0,0,0,0,0
Email ID 358,0,0,0,0,0,0,0,0,0,0,0,0,0,0,0,0,0
Email ID 356,0,0,0,0,0,0,0,0,0,0,0,0,0,0,0,0,0
Email ID 352,0,0,0,0,0,0,0,0,0,0,0,0,0,0,0,0,0
Email ID 350,0,0,0,0,0,0,0,0,0,0,0,0,0,0,0,0,0
Email ID 349,0,0,0,0,0,0,0,0,0,0,0,0,0,0,0,0,0
Email ID 348,0,0,0,0,0,0,0,0,0,0,0,0,0,0,0,0,0
Email ID 346,0,0,0,0,0,0,0,0,0,0,0,0,0,0,0,0,0
Email ID 345,0,0,0,0,0,0,0,0,0,0,0,0,0,0,0,0,0
Email ID 344,0,0,0,0,0,0,0,0,0,0,0,0,0,0,0,0,0
Email ID 343,0,0,0,0,0,0,0,0,0,0,0,0,0,0,0,0,0
Email ID 334,0,0,0,0,0,0,0,0,0,0,0,0,0,0,0,0,0
Email ID 333,0,0,0,0,0,0,0,0,0,0,0,0,0,0,0,0,0
Email ID 332,0,0,0,0,0,0,0,0,0,0,0,0,0,0,0,0,0
Email ID 331,0,0,0,0,0,0,0,0,0,0,0,0,0,0,0,0,0
Email ID 330,0,0,0,0,0,0,0,0,0,0,0,0,0,0,0,0,0
Email ID 326,0,0,0,0,0,0,0,0,0,0,0,0,0,0,0,0,0
Email ID 325,0,0,0,0,0,0,0,0,0,0,0,0,0,0,0,0,0
Email ID 324,0,0,0,0,0,0,0,0,0,0,0,0,0,0,0,0,0
Email ID 320,0,0,0,0,0,0,0,0,0,0,0,0,0,0,0,0,0
Email ID 319,0,0,0,0,0,0,0,0,0,0,0,0,0,0,0,0,0
Email ID 318,0,0,0,0,0,0,0,0,0,0,0,0,0,0,0,0,0
Email ID 317,0,0,0,0,0,0,0,0,0,0,0,0,0,0,0,0,0
Email ID 316,0,0,0,0,0,0,0,0,0,0,0,0,0,0,0,0,0
Email ID 314,0,0,0,0,0,0,0,0,0,0,0,0,0,0,0,0,0
Email ID 313,0,0,0,0,0,0,0,0,0,0,0,0,0,0,0,0,0
Email ID 311,0,0,0,0,0,0,0,0,0,0,0,0,0,0,0,0,0
Email ID 309,0,0,0,0,0,0,0,0,0,0,0,0,0,0,0,0,0
Email ID 307,0,0,0,0,0,0,0,0,0,0,0,0,0,0,0,0,0
Email ID 304,0,0,0,0,0,0,0,0,0,0,0,0,0,0,0,0,0
Email ID 303,0,0,0,0,0,0,0,0,0,0,0,0,0,0,0,0,0
Email ID 300,0,0,0,0,0,0,0,0,0,0,0,0,0,0,0,0,0
Email ID 299,0,0,0,0,0,0,0,0,0,0,0,0,0,0,0,0,0
Email ID 298,0,0,0,0,0,0,0,0,0,0,0,0,0,0,0,0,0
Email ID 296,0,0,0,0,0,0,0,0,0,0,0,0,0,0,0,0,0
Email ID 292,0,0,0,0,0,0,0,0,0,0,0,0,0,0,0,0,0
Email ID 291,0,0,0,0,0,0,0,0,0,0,0,0,0,0,0,0,0
Email ID 290,0,0,0,0,0,0,0,0,0,0,0,0,0,0,0,0,0
Email ID 289,0,0,0,0,0,0,0,0,0,0,0,0,0,0,0,0,0
Email ID 288,0,0,0,0,0,0,0,0,0,0,0,0,0,0,0,0,0
Email ID 286,0,0,0,0,0,0,0,0,0,0,0,0,0,0,0,0,0
Email ID 283,0,0,0,0,0,0,0,0,0,0,0,0,0,0,0,0,0
Email ID 281,0,0,0,0,0,0,0,0,0,0,0,0,0,0,0,0,0
Email ID 280,0,0,0,0,0,0,0,0,0,0,0,0,0,0,0,0,0
Email ID 279,0,0,0,0,0,0,0,0,0,0,0,0,0,0,0,0,0
Email ID 278,0,0,0,0,0,0,0,0,0,0,0,0,0,0,0,0,0
Email ID 277,0,0,0,0,0,0,0,0,0,0,0,0,0,0,0,0,0
Email ID 276,0,0,0,0,0,0,0,0,0,0,0,0,0,0,0,0,0
Email ID 274,0,0,0,0,0,0,0,0,0,0,0,0,0,0,0,0,0
Email ID 273,0,0,0,0,0,0,0,0,0,0,0,0,0,0,0,0,0
Email ID 272,0,0,0,0,0,0,0,0,0,0,0,0,0,0,0,0,0
Email ID 271,0,0,0,0,0,0,0,0,0,0,0,0,0,0,0,0,0
Email ID 270,0,0,0,0,0,0,0,0,0,0,0,0,0,0,0,0,0
Email ID 269,0,0,0,0,0,0,0,0,0,0,0,0,0,0,0,0,0
Email ID 268,0,0,0,0,0,0,0,0,0,0,0,0,0,0,0,0,0
Email ID 265,0,0,0,0,0,0,0,0,0,0,0,0,0,0,0,0,0
Email ID 262,0,0,0,0,0,0,0,0,0,0,0,0,0,0,0,0,0
Email ID 261,0,0,0,0,0,0,0,0,0,0,0,0,0,0,0,0,0
Email ID 260,0,0,0,0,0,0,0,0,0,0,0,0,0,0,0,0,0
Email ID 259,0,0,0,0,0,0,0,0,0,0,0,0,0,0,0,0,0
Email ID 256,0,0,0,0,0,0,0,0,0,0,0,0,0,0,0,0,0
Email ID 250,0,0,0,0,0,0,0,0,0,0,0,0,0,0,0,0,0
Email ID 249,0,0,0,0,0,0,0,0,0,0,0,0,0,0,0,0,0
Email ID 246,0,0,0,0,0,0,0,0,0,0,0,0,0,0,0,0,0
Email ID 243,0,0,0,0,0,0,0,0,0,0,0,0,0,0,0,0,0
Email ID 242,0,0,0,0,0,0,0,0,0,0,0,0,0,0,0,0,0
Email ID 239,0,0,0,0,0,0,0,0,0,0,0,0,0,0,0,0,0
Email ID 235,0,0,0,0,0,0,0,0,0,0,0,0,0,0,0,0,0
Email ID 234,0,0,0,0,0,0,0,0,0,0,0,0,0,0,0,0,0
Email ID 232,0,0,0,0,0,0,0,0,0,0,0,0,0,0,0,0,0
Email ID 231,0,0,0,0,0,0,0,0,0,0,0,0,0,0,0,0,0
Email ID 230,0,0,0,0,0,0,0,0,0,0,0,0,0,0,0,0,0
Email ID 229,0,0,0,0,0,0,0,0,0,0,0,0,0,0,0,0,0
Email ID 228,0,0,0,0,0,0,0,0,0,0,0,0,0,0,0,0,0
Email ID 227,0,0,0,0,0,0,0,0,0,0,0,0,0,0,0,0,0
Email ID 225,0,0,0,0,0,0,0,0,0,0,0,0,0,0,0,0,0
Email ID 224,0,0,0,0,0,0,0,0,0,0,0,0,0,0,0,0,0
Email ID 218,0,0,0,0,0,0,0,0,0,0,0,0,0,0,0,0,0
Email ID 217,0,0,0,0,0,0,0,0,0,0,0,0,0,0,0,0,0
Email ID 216,0,0,0,0,0,0,0,0,0,0,0,0,0,0,0,0,0
Email ID 215,0,0,0,0,0,0,0,0,0,0,0,0,0,0,0,0,0
Email ID 214,0,0,0,0,0,0,0,0,0,0,0,0,0,0,0,0,0
Email ID 213,0,0,0,0,0,0,0,0,0,0,0,0,0,0,0,0,0
Email ID 210,0,0,0,0,0,0,0,0,0,0,0,0,0,0,0,0,0
Email ID 209,0,0,0,0,0,0,0,0,0,0,0,0,0,0,0,0,0
Email ID 206,0,0,0,0,0,0,0,0,0,0,0,0,0,0,0,0,0
Email ID 204,0,0,0,0,0,0,0,0,0,0,0,0,0,0,0,0,0
Email ID 203,0,0,0,0,0,0,0,0,0,0,0,0,0,0,0,0,0
Email ID 202,0,0,0,0,0,0,0,0,0,0,0,0,0,0,0,0,0
Email ID 199,0,0,0,0,0,0,0,0,0,0,0,0,0,0,0,0,0
Email ID 198,0,0,0,0,0,0,0,0,0,0,0,0,0,0,0,0,0
Email ID 197,0,0,0,0,0,0,0,0,0,0,0,0,0,0,0,0,0
Email ID 195,0,0,0,0,0,0,0,0,0,0,0,0,0,0,0,0,0
Email ID 194,0,0,0,0,0,0,0,0,0,0,0,0,0,0,0,0,0
Email ID 193,0,0,0,0,0,0,0,0,0,0,0,0,0,0,0,0,0
Email ID 191,0,0,0,0,0,0,0,0,0,0,0,0,0,0,0,0,0
Email ID 189,0,0,0,0,0,0,0,0,0,0,0,0,0,0,0,0,0
Email ID 188,0,0,0,0,0,0,0,0,0,0,0,0,0,0,0,0,0
Email ID 182,0,0,0,0,0,0,0,0,0,0,0,0,0,0,0,0,0
Email ID 181,0,0,0,0,0,0,0,0,0,0,0,0,0,0,0,0,0
Email ID 175,0,0,0,0,0,0,0,0,0,0,0,0,0,0,0,0,0
Email ID 171,0,0,0,0,0,0,0,0,0,0,0,0,0,0,0,0,0
Email ID 169,0,0,0,0,0,0,0,0,0,0,0,0,0,0,0,0,0
Email ID 168,0,0,0,0,0,0,0,0,0,0,0,0,0,0,0,0,0
Email ID 165,0,0,0,0,0,0,0,0,0,0,0,0,0,0,0,0,0
Email ID 164,0,0,0,0,0,0,0,0,0,0,0,0,0,0,0,0,0
Email ID 163,0,0,0,0,0,0,0,0,0,0,0,0,0,0,0,0,0
Email ID 159,0,0,0,0,0,0,0,0,0,0,0,0,0,0,0,0,0
Email ID 158,0,0,0,0,0,0,0,0,0,0,0,0,0,0,0,0,0
Email ID 156,0,0,0,0,0,0,0,0,0,0,0,0,0,0,0,0,0
Email ID 155,0,0,0,0,0,0,0,0,0,0,0,0,0,0,0,0,0
Email ID 154,0,0,0,0,0,0,0,0,0,0,0,0,0,0,0,0,0
Email ID 153,0,0,0,0,0,0,0,0,0,0,0,0,0,0,0,0,0
Email ID 151,0,0,0,0,0,0,0,0,0,0,0,0,0,0,0,0,0
Email ID 150,0,0,0,0,0,0,0,0,0,0,0,0,0,0,0,0,0
Email ID 147,0,0,0,0,0,0,0,0,0,0,0,0,0,0,0,0,0
Email ID 145,0,0,0,0,0,0,0,0,0,0,0,0,0,0,0,0,0
Email ID 144,0,0,0,0,0,0,0,0,0,0,0,0,0,0,0,0,0
Email ID 143,0,0,0,0,0,0,0,0,0,0,0,0,0,0,0,0,0
Email ID 141,0,0,0,0,0,0,0,0,0,0,0,0,0,0,0,0,0
Email ID 140,0,0,0,0,0,0,0,0,0,0,0,0,0,0,0,0,0
Email ID 137,0,0,0,0,0,0,0,0,0,0,0,0,0,0,0,0,0
Email ID 133,0,0,0,0,0,0,0,0,0,0,0,0,0,0,0,0,0
Email ID 131,0,0,0,0,0,0,0,0,0,0,0,0,0,0,0,0,0
Email ID 130,0,0,0,0,0,0,0,0,0,0,0,0,0,0,0,0,0
Email ID 128,0,0,0,0,0,0,0,0,0,0,0,0,0,0,0,0,0
Email ID 125,0,0,0,0,0,0,0,0,0,0,0,0,0,0,0,0,0
Email ID 121,0,0,0,0,0,0,0,0,0,0,0,0,0,0,0,0,0
Email ID 120,0,0,0,0,0,0,0,0,0,0,0,0,0,0,0,0,0
Email ID 119,0,0,0,0,0,0,0,0,0,0,0,0,0,0,0,0,0
Email ID 118,0,0,0,0,0,0,0,0,0,0,0,0,0,0,0,0,0
Email ID 117,0,0,0,0,0,0,0,0,0,0,0,0,0,0,0,0,0
Email ID 116,0,0,0,0,0,0,0,0,0,0,0,0,0,0,0,0,0
Email ID 115,0,0,0,0,0,0,0,0,0,0,0,0,0,0,0,0,0
Email ID 112,0,0,0,0,0,0,0,0,0,0,0,0,0,0,0,0,0
Email ID 111,0,0,0,0,0,0,0,0,0,0,0,0,0,0,0,0,0
Email ID 110,0,0,0,0,0,0,0,0,0,0,0,0,0,0,0,0,0
Email ID 109,0,0,0,0,0,0,0,0,0,0,0,0,0,0,0,0,0
Email ID 108,0,0,0,0,0,0,0,0,0,0,0,0,0,0,0,0,0
Email ID 106,0,0,0,0,0,0,0,0,0,0,0,0,0,0,0,0,0
Email ID 105,0,0,0,0,0,0,0,0,0,0,0,0,0,0,0,0,0
Email ID 104,0,0,0,0,0,0,0,0,0,0,0,0,0,0,0,0,0
Email ID 103,0,0,0,0,0,0,0,0,0,0,0,0,0,0,0,0,0
Email ID 102,0,0,0,0,0,0,0,0,0,0,0,0,0,0,0,0,0
Email ID 100,0,0,0,0,0,0,0,0,0,0,0,0,0,0,0,0,0
Email ID 97,0,0,0,0,0,0,0,0,0,0,0,0,0,0,0,0,0
Email ID 96,0,0,0,0,0,0,0,0,0,0,0,0,0,0,0,0,0
Email ID 92,0,0,0,0,0,0,0,0,0,0,0,0,0,0,0,0,0
Email ID 87,0,0,0,0,0,0,0,0,0,0,0,0,0,0,0,0,0
Email ID 85,0,0,0,0,0,0,0,0,0,0,0,0,0,0,0,0,0
Email ID 81,0,0,0,0,0,0,0,0,0,0,0,0,0,0,0,0,0
Email ID 79,0,0,0,0,0,0,0,0,0,0,0,0,0,0,0,0,0
Email ID 77,0,0,0,0,0,0,0,0,0,0,0,0,0,0,0,0,0
Email ID 76,0,0,0,0,0,0,0,0,0,0,0,0,0,0,0,0,0
Email ID 75,0,0,0,0,0,0,0,0,0,0,0,0,0,0,0,0,0
Email ID 74,0,0,0,0,0,0,0,0,0,0,0,0,0,0,0,0,0
Email ID 71,0,0,0,0,0,0,0,0,0,0,0,0,0,0,0,0,0
Email ID 70,0,0,0,0,0,0,0,0,0,0,0,0,0,0,0,0,0
Email ID 69,0,0,0,0,0,0,0,0,0,0,0,0,0,0,0,0,0
Email ID 68,0,0,0,0,0,0,0,0,0,0,0,0,0,0,0,0,0
Email ID 64,0,0,0,0,0,0,0,0,0,0,0,0,0,0,0,0,0
Email ID 62,0,0,0,0,0,0,0,0,0,0,0,0,0,0,0,0,0
Email ID 60,0,0,0,0,0,0,0,0,0,0,0,0,0,0,0,0,0
Email ID 59,0,0,0,0,0,0,0,0,0,0,0,0,0,0,0,0,0
Email ID 58,0,0,0,0,0,0,0,0,0,0,0,0,0,0,0,0,0
Email ID 57,0,0,0,0,0,0,0,0,0,0,0,0,0,0,0,0,0
Email ID 55,0,0,0,0,0,0,0,0,0,0,0,0,0,0,0,0,0
Email ID 54,0,0,0,0,0,0,0,0,0,0,0,0,0,0,0,0,0
Email ID 53,0,0,0,0,0,0,0,0,0,0,0,0,0,0,0,0,0
Email ID 52,0,0,0,0,0,0,0,0,0,0,0,0,0,0,0,0,0
Email ID 51,0,0,0,0,0,0,0,0,0,0,0,0,0,0,0,0,0
Email ID 47,0,0,0,0,0,0,0,0,0,0,0,0,0,0,0,0,0
Email ID 46,0,0,0,0,0,0,0,0,0,0,0,0,0,0,0,0,0
Email ID 45,0,0,0,0,0,0,0,0,0,0,0,0,0,0,0,0,0
Email ID 43,0,0,0,0,0,0,0,0,0,0,0,0,0,0,0,0,0
Email ID 42,0,0,0,0,0,0,0,0,0,0,0,0,0,0,0,0,0
Email ID 41,0,0,0,0,0,0,0,0,0,0,0,0,0,0,0,0,0
Email ID 40,0,0,0,0,0,0,0,0,0,0,0,0,0,0,0,0,0
Email ID 39,0,0,0,0,0,0,0,0,0,0,0,0,0,0,0,0,0
Email ID 33,0,0,0,0,0,0,0,0,0,0,0,0,0,0,0,0,0
Email ID 32,0,0,0,0,0,0,0,0,0,0,0,0,0,0,0,0,0
Email ID 31,0,0,0,0,0,0,0,0,0,0,0,0,0,0,0,0,0
Email ID 30,0,0,0,0,0,0,0,0,0,0,0,0,0,0,0,0,0
Email ID 29,0,0,0,0,0,0,0,0,0,0,0,0,0,0,0,0,0
Email ID 28,0,0,0,0,0,0,0,0,0,0,0,0,0,0,0,0,0
Email ID 26,0,0,0,0,0,0,0,0,0,0,0,0,0,0,0,0,0
Email ID 25,0,0,0,0,0,0,0,0,0,0,0,0,0,0,0,0,0
Email ID 23,0,0,0,0,0,0,0,0,0,0,0,0,0,0,0,0,0
Email ID 22,0,0,0,0,0,0,0,0,0,0,0,0,0,0,0,0,0
Email ID 21,0,0,0,0,0,0,0,0,0,0,0,0,0,0,0,0,0
Email ID 15,0,0,0,0,0,0,0,0,0,0,0,0,0,0,0,0,0
Email ID 10,0,0,0,0,0,0,0,0,0,0,0,0,0,0,0,0,0
Email ID 4,0,0,0,0,0,0,0,0,0,0,0,0,0,0,0,0,0
Email ID 0,0,0,0,0,0,0,0,0,0,0,0,0,0,0,0,0,0
